file_path,sim_id,maxwellianity_score
D:/GENE_simulation_AI/DCEC/all_rgb\all\sim_0000_diff.png,sim_0000,0.6611604096
D:/GENE_simulation_AI/DCEC/all_rgb\all\sim_0001_diff.png,sim_0001,0.6817943203
D:/GENE_simulation_AI/DCEC/all_rgb\all\sim_0002_diff.png,sim_0002,0.6652990418
D:/GENE_simulation_AI/DCEC/all_rgb\all\sim_0003_diff.png,sim_0003,0.6819892292
D:/GENE_simulation_AI/DCEC/all_rgb\all\sim_0004_diff.png,sim_0004,0.6915558102
D:/GENE_simulation_AI/DCEC/all_rgb\all\sim_0005_diff.png,sim_0005,0.6823122922
D:/GENE_simulation_AI/DCEC/all_rgb\all\sim_0006_diff.png,sim_0006,0.6550448017
D:/GENE_simulation_AI/DCEC/all_rgb\all\sim_0007_diff.png,sim_0007,0.6325584135
D:/GENE_simulation_AI/DCEC/all_rgb\all\sim_0008_diff.png,sim_0008,0.5958794577
D:/GENE_simulation_AI/DCEC/all_rgb\all\sim_0009_diff.png,sim_0009,0.6386937611
D:/GENE_simulation_AI/DCEC/all_rgb\all\sim_0010_diff.png,sim_0010,0.7120122619
D:/GENE_simulation_AI/DCEC/all_rgb\all\sim_0011_diff.png,sim_0011,0.6831504448
D:/GENE_simulation_AI/DCEC/all_rgb\all\sim_0012_diff.png,sim_0012,0.7009637103
D:/GENE_simulation_AI/DCEC/all_rgb\all\sim_0013_diff.png,sim_0013,0.7033947759
D:/GENE_simulation_AI/DCEC/all_rgb\all\sim_0014_diff.png,sim_0014,0.7109493495
D:/GENE_simulation_AI/DCEC/all_rgb\all\sim_0015_diff.png,sim_0015,0.7303524948
D:/GENE_simulation_AI/DCEC/all_rgb\all\sim_0016_diff.png,sim_0016,0.7506061189
D:/GENE_simulation_AI/DCEC/all_rgb\all\sim_0017_diff.png,sim_0017,0.7418779643
D:/GENE_simulation_AI/DCEC/all_rgb\all\sim_0018_diff.png,sim_0018,0.7424125568
D:/GENE_simulation_AI/DCEC/all_rgb\all\sim_0019_diff.png,sim_0019,0.7526056823
D:/GENE_simulation_AI/DCEC/all_rgb\all\sim_0020_diff.png,sim_0020,0.7355188883
D:/GENE_simulation_AI/DCEC/all_rgb\all\sim_0021_diff.png,sim_0021,0.7256605007
D:/GENE_simulation_AI/DCEC/all_rgb\all\sim_0022_diff.png,sim_0022,0.7239484807
D:/GENE_simulation_AI/DCEC/all_rgb\all\sim_0023_diff.png,sim_0023,0.6965211935
D:/GENE_simulation_AI/DCEC/all_rgb\all\sim_0024_diff.png,sim_0024,0.6813867059
D:/GENE_simulation_AI/DCEC/all_rgb\all\sim_0025_diff.png,sim_0025,0.7101054310
D:/GENE_simulation_AI/DCEC/all_rgb\all\sim_0026_diff.png,sim_0026,0.7084791688
D:/GENE_simulation_AI/DCEC/all_rgb\all\sim_0027_diff.png,sim_0027,0.7314158796
D:/GENE_simulation_AI/DCEC/all_rgb\all\sim_0028_diff.png,sim_0028,0.7324031876
D:/GENE_simulation_AI/DCEC/all_rgb\all\sim_0029_diff.png,sim_0029,0.6765402404
D:/GENE_simulation_AI/DCEC/all_rgb\all\sim_0030_diff.png,sim_0030,0.7495288672
D:/GENE_simulation_AI/DCEC/all_rgb\all\sim_0031_diff.png,sim_0031,0.7263684970
D:/GENE_simulation_AI/DCEC/all_rgb\all\sim_0032_diff.png,sim_0032,0.7054737987
D:/GENE_simulation_AI/DCEC/all_rgb\all\sim_0033_diff.png,sim_0033,0.6795880602
D:/GENE_simulation_AI/DCEC/all_rgb\all\sim_0034_diff.png,sim_0034,0.6928756466
D:/GENE_simulation_AI/DCEC/all_rgb\all\sim_0035_diff.png,sim_0035,0.7159760961
D:/GENE_simulation_AI/DCEC/all_rgb\all\sim_0036_diff.png,sim_0036,0.7130938481
D:/GENE_simulation_AI/DCEC/all_rgb\all\sim_0037_diff.png,sim_0037,0.6645130347
D:/GENE_simulation_AI/DCEC/all_rgb\all\sim_0038_diff.png,sim_0038,0.5765287571
D:/GENE_simulation_AI/DCEC/all_rgb\all\sim_0039_diff.png,sim_0039,0.5101766023
D:/GENE_simulation_AI/DCEC/all_rgb\all\sim_0040_diff.png,sim_0040,0.7561476256
D:/GENE_simulation_AI/DCEC/all_rgb\all\sim_0041_diff.png,sim_0041,0.6485397820
D:/GENE_simulation_AI/DCEC/all_rgb\all\sim_0042_diff.png,sim_0042,0.7285810286
D:/GENE_simulation_AI/DCEC/all_rgb\all\sim_0043_diff.png,sim_0043,0.6533380250
D:/GENE_simulation_AI/DCEC/all_rgb\all\sim_0044_diff.png,sim_0044,0.7052442172
D:/GENE_simulation_AI/DCEC/all_rgb\all\sim_0045_diff.png,sim_0045,0.7070209933
D:/GENE_simulation_AI/DCEC/all_rgb\all\sim_0046_diff.png,sim_0046,0.5772306854
D:/GENE_simulation_AI/DCEC/all_rgb\all\sim_0047_diff.png,sim_0047,0.5386021447
D:/GENE_simulation_AI/DCEC/all_rgb\all\sim_0048_diff.png,sim_0048,0.5491908024
D:/GENE_simulation_AI/DCEC/all_rgb\all\sim_0049_diff.png,sim_0049,0.6646872134
D:/GENE_simulation_AI/DCEC/all_rgb\all\sim_0050_diff.png,sim_0050,0.6718450734
D:/GENE_simulation_AI/DCEC/all_rgb\all\sim_0051_diff.png,sim_0051,0.6443792576
D:/GENE_simulation_AI/DCEC/all_rgb\all\sim_0052_diff.png,sim_0052,0.6413066614
D:/GENE_simulation_AI/DCEC/all_rgb\all\sim_0053_diff.png,sim_0053,0.7337305111
D:/GENE_simulation_AI/DCEC/all_rgb\all\sim_0054_diff.png,sim_0054,0.7333073538
D:/GENE_simulation_AI/DCEC/all_rgb\all\sim_0055_diff.png,sim_0055,0.7145342831
D:/GENE_simulation_AI/DCEC/all_rgb\all\sim_0056_diff.png,sim_0056,0.7219347714
D:/GENE_simulation_AI/DCEC/all_rgb\all\sim_0057_diff.png,sim_0057,0.7612114404
D:/GENE_simulation_AI/DCEC/all_rgb\all\sim_0058_diff.png,sim_0058,0.6804558319
D:/GENE_simulation_AI/DCEC/all_rgb\all\sim_0059_diff.png,sim_0059,0.6968119292
D:/GENE_simulation_AI/DCEC/all_rgb\all\sim_0060_diff.png,sim_0060,0.6719082036
D:/GENE_simulation_AI/DCEC/all_rgb\all\sim_0061_diff.png,sim_0061,0.6312465422
D:/GENE_simulation_AI/DCEC/all_rgb\all\sim_0062_diff.png,sim_0062,0.5810426677
D:/GENE_simulation_AI/DCEC/all_rgb\all\sim_0063_diff.png,sim_0063,0.7259483432
D:/GENE_simulation_AI/DCEC/all_rgb\all\sim_0064_diff.png,sim_0064,0.6285387510
D:/GENE_simulation_AI/DCEC/all_rgb\all\sim_0065_diff.png,sim_0065,0.7544157191
D:/GENE_simulation_AI/DCEC/all_rgb\all\sim_0066_diff.png,sim_0066,0.7078198147
D:/GENE_simulation_AI/DCEC/all_rgb\all\sim_0067_diff.png,sim_0067,0.6861385175
D:/GENE_simulation_AI/DCEC/all_rgb\all\sim_0068_diff.png,sim_0068,0.4632853254
D:/GENE_simulation_AI/DCEC/all_rgb\all\sim_0069_diff.png,sim_0069,0.2806040876
D:/GENE_simulation_AI/DCEC/all_rgb\all\sim_0070_diff.png,sim_0070,0.6998508595
D:/GENE_simulation_AI/DCEC/all_rgb\all\sim_0071_diff.png,sim_0071,0.7230360411
D:/GENE_simulation_AI/DCEC/all_rgb\all\sim_0072_diff.png,sim_0072,0.7205506264
D:/GENE_simulation_AI/DCEC/all_rgb\all\sim_0073_diff.png,sim_0073,0.7083188256
D:/GENE_simulation_AI/DCEC/all_rgb\all\sim_0074_diff.png,sim_0074,0.6616234255
D:/GENE_simulation_AI/DCEC/all_rgb\all\sim_0075_diff.png,sim_0075,0.6148904519
D:/GENE_simulation_AI/DCEC/all_rgb\all\sim_0076_diff.png,sim_0076,0.6186301688
D:/GENE_simulation_AI/DCEC/all_rgb\all\sim_0077_diff.png,sim_0077,0.5336083058
D:/GENE_simulation_AI/DCEC/all_rgb\all\sim_0078_diff.png,sim_0078,0.6507838347
D:/GENE_simulation_AI/DCEC/all_rgb\all\sim_0079_diff.png,sim_0079,0.5965156879
D:/GENE_simulation_AI/DCEC/all_rgb\all\sim_0080_diff.png,sim_0080,0.6636594290
D:/GENE_simulation_AI/DCEC/all_rgb\all\sim_0081_diff.png,sim_0081,0.6743987122
D:/GENE_simulation_AI/DCEC/all_rgb\all\sim_0082_diff.png,sim_0082,0.6630040188
D:/GENE_simulation_AI/DCEC/all_rgb\all\sim_0083_diff.png,sim_0083,0.6715548765
D:/GENE_simulation_AI/DCEC/all_rgb\all\sim_0084_diff.png,sim_0084,0.6830725366
D:/GENE_simulation_AI/DCEC/all_rgb\all\sim_0085_diff.png,sim_0085,0.6902036142
D:/GENE_simulation_AI/DCEC/all_rgb\all\sim_0086_diff.png,sim_0086,0.6693472218
D:/GENE_simulation_AI/DCEC/all_rgb\all\sim_0087_diff.png,sim_0087,0.6428782409
D:/GENE_simulation_AI/DCEC/all_rgb\all\sim_0088_diff.png,sim_0088,0.6072264280
D:/GENE_simulation_AI/DCEC/all_rgb\all\sim_0089_diff.png,sim_0089,0.6632313889
D:/GENE_simulation_AI/DCEC/all_rgb\all\sim_0090_diff.png,sim_0090,0.7072284739
D:/GENE_simulation_AI/DCEC/all_rgb\all\sim_0091_diff.png,sim_0091,0.7103059154
D:/GENE_simulation_AI/DCEC/all_rgb\all\sim_0092_diff.png,sim_0092,0.7377153893
D:/GENE_simulation_AI/DCEC/all_rgb\all\sim_0093_diff.png,sim_0093,0.6945781288
D:/GENE_simulation_AI/DCEC/all_rgb\all\sim_0094_diff.png,sim_0094,0.7123275895
D:/GENE_simulation_AI/DCEC/all_rgb\all\sim_0095_diff.png,sim_0095,0.7495090313
D:/GENE_simulation_AI/DCEC/all_rgb\all\sim_0096_diff.png,sim_0096,0.7340748539
D:/GENE_simulation_AI/DCEC/all_rgb\all\sim_0097_diff.png,sim_0097,0.7409267600
D:/GENE_simulation_AI/DCEC/all_rgb\all\sim_0098_diff.png,sim_0098,0.7380517232
D:/GENE_simulation_AI/DCEC/all_rgb\all\sim_0099_diff.png,sim_0099,0.7350719511
D:/GENE_simulation_AI/DCEC/all_rgb\all\sim_0100_diff.png,sim_0100,0.7207257201
D:/GENE_simulation_AI/DCEC/all_rgb\all\sim_0101_diff.png,sim_0101,0.7227344962
D:/GENE_simulation_AI/DCEC/all_rgb\all\sim_0102_diff.png,sim_0102,0.7318890880
D:/GENE_simulation_AI/DCEC/all_rgb\all\sim_0103_diff.png,sim_0103,0.6793500447
D:/GENE_simulation_AI/DCEC/all_rgb\all\sim_0104_diff.png,sim_0104,0.7112848849
D:/GENE_simulation_AI/DCEC/all_rgb\all\sim_0105_diff.png,sim_0105,0.6883618361
D:/GENE_simulation_AI/DCEC/all_rgb\all\sim_0106_diff.png,sim_0106,0.7179459638
D:/GENE_simulation_AI/DCEC/all_rgb\all\sim_0107_diff.png,sim_0107,0.7092333116
D:/GENE_simulation_AI/DCEC/all_rgb\all\sim_0108_diff.png,sim_0108,0.7192071721
D:/GENE_simulation_AI/DCEC/all_rgb\all\sim_0109_diff.png,sim_0109,0.6450121826
D:/GENE_simulation_AI/DCEC/all_rgb\all\sim_0110_diff.png,sim_0110,0.7484615024
D:/GENE_simulation_AI/DCEC/all_rgb\all\sim_0111_diff.png,sim_0111,0.7343638797
D:/GENE_simulation_AI/DCEC/all_rgb\all\sim_0112_diff.png,sim_0112,0.6749074630
D:/GENE_simulation_AI/DCEC/all_rgb\all\sim_0113_diff.png,sim_0113,0.6831505283
D:/GENE_simulation_AI/DCEC/all_rgb\all\sim_0114_diff.png,sim_0114,0.6610126340
D:/GENE_simulation_AI/DCEC/all_rgb\all\sim_0115_diff.png,sim_0115,0.7345529104
D:/GENE_simulation_AI/DCEC/all_rgb\all\sim_0116_diff.png,sim_0116,0.7129366291
D:/GENE_simulation_AI/DCEC/all_rgb\all\sim_0117_diff.png,sim_0117,0.6750579873
D:/GENE_simulation_AI/DCEC/all_rgb\all\sim_0118_diff.png,sim_0118,0.7072731416
D:/GENE_simulation_AI/DCEC/all_rgb\all\sim_0119_diff.png,sim_0119,0.7188225289
D:/GENE_simulation_AI/DCEC/all_rgb\all\sim_0120_diff.png,sim_0120,0.7591655341
D:/GENE_simulation_AI/DCEC/all_rgb\all\sim_0121_diff.png,sim_0121,0.6243478743
D:/GENE_simulation_AI/DCEC/all_rgb\all\sim_0122_diff.png,sim_0122,0.7447545991
D:/GENE_simulation_AI/DCEC/all_rgb\all\sim_0123_diff.png,sim_0123,0.6836659370
D:/GENE_simulation_AI/DCEC/all_rgb\all\sim_0124_diff.png,sim_0124,0.7309061362
D:/GENE_simulation_AI/DCEC/all_rgb\all\sim_0125_diff.png,sim_0125,0.7255056252
D:/GENE_simulation_AI/DCEC/all_rgb\all\sim_0126_diff.png,sim_0126,0.6774364427
D:/GENE_simulation_AI/DCEC/all_rgb\all\sim_0127_diff.png,sim_0127,0.6577087824
D:/GENE_simulation_AI/DCEC/all_rgb\all\sim_0128_diff.png,sim_0128,0.6880886165
D:/GENE_simulation_AI/DCEC/all_rgb\all\sim_0129_diff.png,sim_0129,0.7221459959
D:/GENE_simulation_AI/DCEC/all_rgb\all\sim_0130_diff.png,sim_0130,0.6932392026
D:/GENE_simulation_AI/DCEC/all_rgb\all\sim_0131_diff.png,sim_0131,0.6674381353
D:/GENE_simulation_AI/DCEC/all_rgb\all\sim_0132_diff.png,sim_0132,0.7347727367
D:/GENE_simulation_AI/DCEC/all_rgb\all\sim_0133_diff.png,sim_0133,0.7314042120
D:/GENE_simulation_AI/DCEC/all_rgb\all\sim_0134_diff.png,sim_0134,0.6452296493
D:/GENE_simulation_AI/DCEC/all_rgb\all\sim_0135_diff.png,sim_0135,0.5778891513
D:/GENE_simulation_AI/DCEC/all_rgb\all\sim_0136_diff.png,sim_0136,0.6545883900
D:/GENE_simulation_AI/DCEC/all_rgb\all\sim_0137_diff.png,sim_0137,0.7216221449
D:/GENE_simulation_AI/DCEC/all_rgb\all\sim_0138_diff.png,sim_0138,0.6700933753
D:/GENE_simulation_AI/DCEC/all_rgb\all\sim_0139_diff.png,sim_0139,0.6140718643
D:/GENE_simulation_AI/DCEC/all_rgb\all\sim_0140_diff.png,sim_0140,0.6847480017
D:/GENE_simulation_AI/DCEC/all_rgb\all\sim_0141_diff.png,sim_0141,0.6368144963
D:/GENE_simulation_AI/DCEC/all_rgb\all\sim_0142_diff.png,sim_0142,0.7207973496
D:/GENE_simulation_AI/DCEC/all_rgb\all\sim_0143_diff.png,sim_0143,0.7349660503
D:/GENE_simulation_AI/DCEC/all_rgb\all\sim_0144_diff.png,sim_0144,0.6069373589
D:/GENE_simulation_AI/DCEC/all_rgb\all\sim_0145_diff.png,sim_0145,0.7543740834
D:/GENE_simulation_AI/DCEC/all_rgb\all\sim_0146_diff.png,sim_0146,0.7046794051
D:/GENE_simulation_AI/DCEC/all_rgb\all\sim_0147_diff.png,sim_0147,0.6738201369
D:/GENE_simulation_AI/DCEC/all_rgb\all\sim_0148_diff.png,sim_0148,0.4844288792
D:/GENE_simulation_AI/DCEC/all_rgb\all\sim_0149_diff.png,sim_0149,0.3219816640
D:/GENE_simulation_AI/DCEC/all_rgb\all\sim_0150_diff.png,sim_0150,0.6876588580
D:/GENE_simulation_AI/DCEC/all_rgb\all\sim_0151_diff.png,sim_0151,0.7180852979
D:/GENE_simulation_AI/DCEC/all_rgb\all\sim_0152_diff.png,sim_0152,0.7130384842
D:/GENE_simulation_AI/DCEC/all_rgb\all\sim_0153_diff.png,sim_0153,0.7050571986
D:/GENE_simulation_AI/DCEC/all_rgb\all\sim_0154_diff.png,sim_0154,0.6483375518
D:/GENE_simulation_AI/DCEC/all_rgb\all\sim_0155_diff.png,sim_0155,0.6358629215
D:/GENE_simulation_AI/DCEC/all_rgb\all\sim_0156_diff.png,sim_0156,0.6115112209
D:/GENE_simulation_AI/DCEC/all_rgb\all\sim_0157_diff.png,sim_0157,0.5611823673
D:/GENE_simulation_AI/DCEC/all_rgb\all\sim_0158_diff.png,sim_0158,0.6406232585
D:/GENE_simulation_AI/DCEC/all_rgb\all\sim_0159_diff.png,sim_0159,0.6081691462
D:/GENE_simulation_AI/DCEC/all_rgb\all\sim_0160_diff.png,sim_0160,0.6686974475
D:/GENE_simulation_AI/DCEC/all_rgb\all\sim_0161_diff.png,sim_0161,0.6698288532
D:/GENE_simulation_AI/DCEC/all_rgb\all\sim_0162_diff.png,sim_0162,0.6554368983
D:/GENE_simulation_AI/DCEC/all_rgb\all\sim_0163_diff.png,sim_0163,0.6813770441
D:/GENE_simulation_AI/DCEC/all_rgb\all\sim_0164_diff.png,sim_0164,0.6769652017
D:/GENE_simulation_AI/DCEC/all_rgb\all\sim_0165_diff.png,sim_0165,0.6902923769
D:/GENE_simulation_AI/DCEC/all_rgb\all\sim_0166_diff.png,sim_0166,0.6662142574
D:/GENE_simulation_AI/DCEC/all_rgb\all\sim_0167_diff.png,sim_0167,0.6439790027
D:/GENE_simulation_AI/DCEC/all_rgb\all\sim_0168_diff.png,sim_0168,0.6237274494
D:/GENE_simulation_AI/DCEC/all_rgb\all\sim_0169_diff.png,sim_0169,0.6395221350
D:/GENE_simulation_AI/DCEC/all_rgb\all\sim_0170_diff.png,sim_0170,0.6845212601
D:/GENE_simulation_AI/DCEC/all_rgb\all\sim_0171_diff.png,sim_0171,0.7200152145
D:/GENE_simulation_AI/DCEC/all_rgb\all\sim_0172_diff.png,sim_0172,0.7108691545
D:/GENE_simulation_AI/DCEC/all_rgb\all\sim_0173_diff.png,sim_0173,0.7150091262
D:/GENE_simulation_AI/DCEC/all_rgb\all\sim_0174_diff.png,sim_0174,0.7064620986
D:/GENE_simulation_AI/DCEC/all_rgb\all\sim_0175_diff.png,sim_0175,0.7181599131
D:/GENE_simulation_AI/DCEC/all_rgb\all\sim_0176_diff.png,sim_0176,0.7294884423
D:/GENE_simulation_AI/DCEC/all_rgb\all\sim_0177_diff.png,sim_0177,0.7351185721
D:/GENE_simulation_AI/DCEC/all_rgb\all\sim_0178_diff.png,sim_0178,0.7427255198
D:/GENE_simulation_AI/DCEC/all_rgb\all\sim_0179_diff.png,sim_0179,0.7475333816
D:/GENE_simulation_AI/DCEC/all_rgb\all\sim_0180_diff.png,sim_0180,0.7288597390
D:/GENE_simulation_AI/DCEC/all_rgb\all\sim_0181_diff.png,sim_0181,0.7179377143
D:/GENE_simulation_AI/DCEC/all_rgb\all\sim_0182_diff.png,sim_0182,0.7283931637
D:/GENE_simulation_AI/DCEC/all_rgb\all\sim_0183_diff.png,sim_0183,0.7112955069
D:/GENE_simulation_AI/DCEC/all_rgb\all\sim_0184_diff.png,sim_0184,0.6906816221
D:/GENE_simulation_AI/DCEC/all_rgb\all\sim_0185_diff.png,sim_0185,0.6869688860
D:/GENE_simulation_AI/DCEC/all_rgb\all\sim_0186_diff.png,sim_0186,0.7109874442
D:/GENE_simulation_AI/DCEC/all_rgb\all\sim_0188_diff.png,sim_0188,0.6929631153
D:/GENE_simulation_AI/DCEC/all_rgb\all\sim_0189_diff.png,sim_0189,0.6216148623
D:/GENE_simulation_AI/DCEC/all_rgb\all\sim_0190_diff.png,sim_0190,0.6795109459
D:/GENE_simulation_AI/DCEC/all_rgb\all\sim_0191_diff.png,sim_0191,0.7162811545
D:/GENE_simulation_AI/DCEC/all_rgb\all\sim_0192_diff.png,sim_0192,0.6410386666
D:/GENE_simulation_AI/DCEC/all_rgb\all\sim_0193_diff.png,sim_0193,0.7343977978
D:/GENE_simulation_AI/DCEC/all_rgb\all\sim_0194_diff.png,sim_0194,0.6987740839
D:/GENE_simulation_AI/DCEC/all_rgb\all\sim_0195_diff.png,sim_0195,0.7385329112
D:/GENE_simulation_AI/DCEC/all_rgb\all\sim_0196_diff.png,sim_0196,0.6336468498
D:/GENE_simulation_AI/DCEC/all_rgb\all\sim_0197_diff.png,sim_0197,0.7069802592
D:/GENE_simulation_AI/DCEC/all_rgb\all\sim_0198_diff.png,sim_0198,0.6997595276
D:/GENE_simulation_AI/DCEC/all_rgb\all\sim_0199_diff.png,sim_0199,0.6855563233
D:/GENE_simulation_AI/DCEC/all_rgb\all\sim_0200_diff.png,sim_0200,0.6798316161
D:/GENE_simulation_AI/DCEC/all_rgb\all\sim_0201_diff.png,sim_0201,0.6227215125
D:/GENE_simulation_AI/DCEC/all_rgb\all\sim_0202_diff.png,sim_0202,0.7010818230
D:/GENE_simulation_AI/DCEC/all_rgb\all\sim_0203_diff.png,sim_0203,0.7182455546
D:/GENE_simulation_AI/DCEC/all_rgb\all\sim_0204_diff.png,sim_0204,0.7367957006
D:/GENE_simulation_AI/DCEC/all_rgb\all\sim_0205_diff.png,sim_0205,0.6525018583
D:/GENE_simulation_AI/DCEC/all_rgb\all\sim_0206_diff.png,sim_0206,0.7023962565
D:/GENE_simulation_AI/DCEC/all_rgb\all\sim_0207_diff.png,sim_0207,0.7113792139
D:/GENE_simulation_AI/DCEC/all_rgb\all\sim_0208_diff.png,sim_0208,0.6628662297
D:/GENE_simulation_AI/DCEC/all_rgb\all\sim_0209_diff.png,sim_0209,0.7370138107
D:/GENE_simulation_AI/DCEC/all_rgb\all\sim_0210_diff.png,sim_0210,0.7335348027
D:/GENE_simulation_AI/DCEC/all_rgb\all\sim_0211_diff.png,sim_0211,0.7078652697
D:/GENE_simulation_AI/DCEC/all_rgb\all\sim_0212_diff.png,sim_0212,0.7463705153
D:/GENE_simulation_AI/DCEC/all_rgb\all\sim_0213_diff.png,sim_0213,0.7024682396
D:/GENE_simulation_AI/DCEC/all_rgb\all\sim_0214_diff.png,sim_0214,0.6840004686
D:/GENE_simulation_AI/DCEC/all_rgb\all\sim_0215_diff.png,sim_0215,0.5974177753
D:/GENE_simulation_AI/DCEC/all_rgb\all\sim_0216_diff.png,sim_0216,0.5574418714
D:/GENE_simulation_AI/DCEC/all_rgb\all\sim_0217_diff.png,sim_0217,0.5975713238
D:/GENE_simulation_AI/DCEC/all_rgb\all\sim_0218_diff.png,sim_0218,0.6954461972
D:/GENE_simulation_AI/DCEC/all_rgb\all\sim_0219_diff.png,sim_0219,0.6294020639
D:/GENE_simulation_AI/DCEC/all_rgb\all\sim_0220_diff.png,sim_0220,0.6949802682
D:/GENE_simulation_AI/DCEC/all_rgb\all\sim_0221_diff.png,sim_0221,0.6380969615
D:/GENE_simulation_AI/DCEC/all_rgb\all\sim_0222_diff.png,sim_0222,0.7265080152
D:/GENE_simulation_AI/DCEC/all_rgb\all\sim_0223_diff.png,sim_0223,0.7265869547
D:/GENE_simulation_AI/DCEC/all_rgb\all\sim_0224_diff.png,sim_0224,0.5922639752
D:/GENE_simulation_AI/DCEC/all_rgb\all\sim_0225_diff.png,sim_0225,0.7526842065
D:/GENE_simulation_AI/DCEC/all_rgb\all\sim_0226_diff.png,sim_0226,0.7243634187
D:/GENE_simulation_AI/DCEC/all_rgb\all\sim_0227_diff.png,sim_0227,0.6874182680
D:/GENE_simulation_AI/DCEC/all_rgb\all\sim_0228_diff.png,sim_0228,0.5101386867
D:/GENE_simulation_AI/DCEC/all_rgb\all\sim_0229_diff.png,sim_0229,0.3474748234
D:/GENE_simulation_AI/DCEC/all_rgb\all\sim_0230_diff.png,sim_0230,0.7048121583
D:/GENE_simulation_AI/DCEC/all_rgb\all\sim_0231_diff.png,sim_0231,0.7027354863
D:/GENE_simulation_AI/DCEC/all_rgb\all\sim_0232_diff.png,sim_0232,0.6969038419
D:/GENE_simulation_AI/DCEC/all_rgb\all\sim_0233_diff.png,sim_0233,0.6682202508
D:/GENE_simulation_AI/DCEC/all_rgb\all\sim_0234_diff.png,sim_0234,0.6353000627
D:/GENE_simulation_AI/DCEC/all_rgb\all\sim_0235_diff.png,sim_0235,0.6267288447
D:/GENE_simulation_AI/DCEC/all_rgb\all\sim_0236_diff.png,sim_0236,0.5619532103
D:/GENE_simulation_AI/DCEC/all_rgb\all\sim_0237_diff.png,sim_0237,0.4909895223
D:/GENE_simulation_AI/DCEC/all_rgb\all\sim_0238_diff.png,sim_0238,0.4002007483
D:/GENE_simulation_AI/DCEC/all_rgb\all\sim_0239_diff.png,sim_0239,0.6051692619
D:/GENE_simulation_AI/DCEC/all_rgb\all\sim_0240_diff.png,sim_0240,0.6723025596
D:/GENE_simulation_AI/DCEC/all_rgb\all\sim_0241_diff.png,sim_0241,0.6798811467
D:/GENE_simulation_AI/DCEC/all_rgb\all\sim_0242_diff.png,sim_0242,0.6561600858
D:/GENE_simulation_AI/DCEC/all_rgb\all\sim_0243_diff.png,sim_0243,0.6675867761
D:/GENE_simulation_AI/DCEC/all_rgb\all\sim_0244_diff.png,sim_0244,0.6826727534
D:/GENE_simulation_AI/DCEC/all_rgb\all\sim_0245_diff.png,sim_0245,0.6842579013
D:/GENE_simulation_AI/DCEC/all_rgb\all\sim_0246_diff.png,sim_0246,0.6510925930
D:/GENE_simulation_AI/DCEC/all_rgb\all\sim_0247_diff.png,sim_0247,0.6421498060
D:/GENE_simulation_AI/DCEC/all_rgb\all\sim_0248_diff.png,sim_0248,0.6504674836
D:/GENE_simulation_AI/DCEC/all_rgb\all\sim_0249_diff.png,sim_0249,0.6561112140
D:/GENE_simulation_AI/DCEC/all_rgb\all\sim_0250_diff.png,sim_0250,0.7014113295
D:/GENE_simulation_AI/DCEC/all_rgb\all\sim_0251_diff.png,sim_0251,0.6917998497
D:/GENE_simulation_AI/DCEC/all_rgb\all\sim_0252_diff.png,sim_0252,0.7028375162
D:/GENE_simulation_AI/DCEC/all_rgb\all\sim_0253_diff.png,sim_0253,0.7052930128
D:/GENE_simulation_AI/DCEC/all_rgb\all\sim_0254_diff.png,sim_0254,0.6828124339
D:/GENE_simulation_AI/DCEC/all_rgb\all\sim_0255_diff.png,sim_0255,0.7163826408
D:/GENE_simulation_AI/DCEC/all_rgb\all\sim_0256_diff.png,sim_0256,0.7203009352
D:/GENE_simulation_AI/DCEC/all_rgb\all\sim_0257_diff.png,sim_0257,0.7430238553
D:/GENE_simulation_AI/DCEC/all_rgb\all\sim_0258_diff.png,sim_0258,0.7386698448
D:/GENE_simulation_AI/DCEC/all_rgb\all\sim_0259_diff.png,sim_0259,0.7570603288
D:/GENE_simulation_AI/DCEC/all_rgb\all\sim_0260_diff.png,sim_0260,0.7338403454
D:/GENE_simulation_AI/DCEC/all_rgb\all\sim_0261_diff.png,sim_0261,0.6947733518
D:/GENE_simulation_AI/DCEC/all_rgb\all\sim_0262_diff.png,sim_0262,0.7138748786
D:/GENE_simulation_AI/DCEC/all_rgb\all\sim_0263_diff.png,sim_0263,0.6996383023
D:/GENE_simulation_AI/DCEC/all_rgb\all\sim_0264_diff.png,sim_0264,0.6973631895
D:/GENE_simulation_AI/DCEC/all_rgb\all\sim_0265_diff.png,sim_0265,0.7039059256
D:/GENE_simulation_AI/DCEC/all_rgb\all\sim_0266_diff.png,sim_0266,0.7211285414
D:/GENE_simulation_AI/DCEC/all_rgb\all\sim_0267_diff.png,sim_0267,0.7189824667
D:/GENE_simulation_AI/DCEC/all_rgb\all\sim_0268_diff.png,sim_0268,0.6666763847
D:/GENE_simulation_AI/DCEC/all_rgb\all\sim_0269_diff.png,sim_0269,0.5934369171
D:/GENE_simulation_AI/DCEC/all_rgb\all\sim_0270_diff.png,sim_0270,0.6756233651
D:/GENE_simulation_AI/DCEC/all_rgb\all\sim_0271_diff.png,sim_0271,0.6414228237
D:/GENE_simulation_AI/DCEC/all_rgb\all\sim_0272_diff.png,sim_0272,0.6560337164
D:/GENE_simulation_AI/DCEC/all_rgb\all\sim_0273_diff.png,sim_0273,0.7461214229
D:/GENE_simulation_AI/DCEC/all_rgb\all\sim_0274_diff.png,sim_0274,0.7430037829
D:/GENE_simulation_AI/DCEC/all_rgb\all\sim_0275_diff.png,sim_0275,0.7240732838
D:/GENE_simulation_AI/DCEC/all_rgb\all\sim_0276_diff.png,sim_0276,0.7153256207
D:/GENE_simulation_AI/DCEC/all_rgb\all\sim_0277_diff.png,sim_0277,0.6109353400
D:/GENE_simulation_AI/DCEC/all_rgb\all\sim_0278_diff.png,sim_0278,0.7439060163
D:/GENE_simulation_AI/DCEC/all_rgb\all\sim_0279_diff.png,sim_0279,0.7050954373
D:/GENE_simulation_AI/DCEC/all_rgb\all\sim_0280_diff.png,sim_0280,0.6545503567
D:/GENE_simulation_AI/DCEC/all_rgb\all\sim_0281_diff.png,sim_0281,0.6249658096
D:/GENE_simulation_AI/DCEC/all_rgb\all\sim_0282_diff.png,sim_0282,0.7005358438
D:/GENE_simulation_AI/DCEC/all_rgb\all\sim_0283_diff.png,sim_0283,0.7246540390
D:/GENE_simulation_AI/DCEC/all_rgb\all\sim_0284_diff.png,sim_0284,0.7263367107
D:/GENE_simulation_AI/DCEC/all_rgb\all\sim_0285_diff.png,sim_0285,0.7136619877
D:/GENE_simulation_AI/DCEC/all_rgb\all\sim_0286_diff.png,sim_0286,0.6346496180
D:/GENE_simulation_AI/DCEC/all_rgb\all\sim_0287_diff.png,sim_0287,0.6724916039
D:/GENE_simulation_AI/DCEC/all_rgb\all\sim_0288_diff.png,sim_0288,0.6803635658
D:/GENE_simulation_AI/DCEC/all_rgb\all\sim_0289_diff.png,sim_0289,0.6622473829
D:/GENE_simulation_AI/DCEC/all_rgb\all\sim_0290_diff.png,sim_0290,0.7119155428
D:/GENE_simulation_AI/DCEC/all_rgb\all\sim_0291_diff.png,sim_0291,0.7464287715
D:/GENE_simulation_AI/DCEC/all_rgb\all\sim_0292_diff.png,sim_0292,0.7368356606
D:/GENE_simulation_AI/DCEC/all_rgb\all\sim_0293_diff.png,sim_0293,0.7116102851
D:/GENE_simulation_AI/DCEC/all_rgb\all\sim_0294_diff.png,sim_0294,0.6996177486
D:/GENE_simulation_AI/DCEC/all_rgb\all\sim_0295_diff.png,sim_0295,0.5287229184
D:/GENE_simulation_AI/DCEC/all_rgb\all\sim_0296_diff.png,sim_0296,0.4934710377
D:/GENE_simulation_AI/DCEC/all_rgb\all\sim_0297_diff.png,sim_0297,0.7183904646
D:/GENE_simulation_AI/DCEC/all_rgb\all\sim_0298_diff.png,sim_0298,0.6987332556
D:/GENE_simulation_AI/DCEC/all_rgb\all\sim_0299_diff.png,sim_0299,0.6010479185
D:/GENE_simulation_AI/DCEC/all_rgb\all\sim_0300_diff.png,sim_0300,0.6920672112
D:/GENE_simulation_AI/DCEC/all_rgb\all\sim_0301_diff.png,sim_0301,0.6515200993
D:/GENE_simulation_AI/DCEC/all_rgb\all\sim_0302_diff.png,sim_0302,0.7255890679
D:/GENE_simulation_AI/DCEC/all_rgb\all\sim_0303_diff.png,sim_0303,0.7249628834
D:/GENE_simulation_AI/DCEC/all_rgb\all\sim_0304_diff.png,sim_0304,0.6150208746
D:/GENE_simulation_AI/DCEC/all_rgb\all\sim_0305_diff.png,sim_0305,0.7530176384
D:/GENE_simulation_AI/DCEC/all_rgb\all\sim_0306_diff.png,sim_0306,0.7242975144
D:/GENE_simulation_AI/DCEC/all_rgb\all\sim_0307_diff.png,sim_0307,0.7087375550
D:/GENE_simulation_AI/DCEC/all_rgb\all\sim_0308_diff.png,sim_0308,0.5241850150
D:/GENE_simulation_AI/DCEC/all_rgb\all\sim_0309_diff.png,sim_0309,0.3674869726
D:/GENE_simulation_AI/DCEC/all_rgb\all\sim_0310_diff.png,sim_0310,0.6936310139
D:/GENE_simulation_AI/DCEC/all_rgb\all\sim_0311_diff.png,sim_0311,0.6575812037
D:/GENE_simulation_AI/DCEC/all_rgb\all\sim_0312_diff.png,sim_0312,0.6807433012
D:/GENE_simulation_AI/DCEC/all_rgb\all\sim_0313_diff.png,sim_0313,0.6885785147
D:/GENE_simulation_AI/DCEC/all_rgb\all\sim_0314_diff.png,sim_0314,0.6413372614
D:/GENE_simulation_AI/DCEC/all_rgb\all\sim_0315_diff.png,sim_0315,0.6525020178
D:/GENE_simulation_AI/DCEC/all_rgb\all\sim_0316_diff.png,sim_0316,0.5488028015
D:/GENE_simulation_AI/DCEC/all_rgb\all\sim_0317_diff.png,sim_0317,0.5540296054
D:/GENE_simulation_AI/DCEC/all_rgb\all\sim_0318_diff.png,sim_0318,0.4193137582
D:/GENE_simulation_AI/DCEC/all_rgb\all\sim_0319_diff.png,sim_0319,0.6112964754
D:/GENE_simulation_AI/DCEC/all_rgb\all\sim_0320_diff.png,sim_0320,0.6625587723
D:/GENE_simulation_AI/DCEC/all_rgb\all\sim_0321_diff.png,sim_0321,0.6658702190
D:/GENE_simulation_AI/DCEC/all_rgb\all\sim_0322_diff.png,sim_0322,0.6687576660
D:/GENE_simulation_AI/DCEC/all_rgb\all\sim_0323_diff.png,sim_0323,0.6424740753
D:/GENE_simulation_AI/DCEC/all_rgb\all\sim_0324_diff.png,sim_0324,0.6580128363
D:/GENE_simulation_AI/DCEC/all_rgb\all\sim_0325_diff.png,sim_0325,0.6753656861
D:/GENE_simulation_AI/DCEC/all_rgb\all\sim_0326_diff.png,sim_0326,0.7085807046
D:/GENE_simulation_AI/DCEC/all_rgb\all\sim_0327_diff.png,sim_0327,0.5866851637
D:/GENE_simulation_AI/DCEC/all_rgb\all\sim_0328_diff.png,sim_0328,0.6359677583
D:/GENE_simulation_AI/DCEC/all_rgb\all\sim_0329_diff.png,sim_0329,0.6477913649
D:/GENE_simulation_AI/DCEC/all_rgb\all\sim_0330_diff.png,sim_0330,0.6970394473
D:/GENE_simulation_AI/DCEC/all_rgb\all\sim_0331_diff.png,sim_0331,0.6926167780
D:/GENE_simulation_AI/DCEC/all_rgb\all\sim_0332_diff.png,sim_0332,0.6812318281
D:/GENE_simulation_AI/DCEC/all_rgb\all\sim_0333_diff.png,sim_0333,0.7137804949
D:/GENE_simulation_AI/DCEC/all_rgb\all\sim_0334_diff.png,sim_0334,0.7304655587
D:/GENE_simulation_AI/DCEC/all_rgb\all\sim_0335_diff.png,sim_0335,0.7419897891
D:/GENE_simulation_AI/DCEC/all_rgb\all\sim_0336_diff.png,sim_0336,0.7489761495
D:/GENE_simulation_AI/DCEC/all_rgb\all\sim_0337_diff.png,sim_0337,0.7391504419
D:/GENE_simulation_AI/DCEC/all_rgb\all\sim_0338_diff.png,sim_0338,0.7593100524
D:/GENE_simulation_AI/DCEC/all_rgb\all\sim_0339_diff.png,sim_0339,0.7567762772
D:/GENE_simulation_AI/DCEC/all_rgb\all\sim_0340_diff.png,sim_0340,0.6921933013
D:/GENE_simulation_AI/DCEC/all_rgb\all\sim_0341_diff.png,sim_0341,0.6485875877
D:/GENE_simulation_AI/DCEC/all_rgb\all\sim_0342_diff.png,sim_0342,0.6636578065
D:/GENE_simulation_AI/DCEC/all_rgb\all\sim_0343_diff.png,sim_0343,0.7010528000
D:/GENE_simulation_AI/DCEC/all_rgb\all\sim_0344_diff.png,sim_0344,0.6970139146
D:/GENE_simulation_AI/DCEC/all_rgb\all\sim_0345_diff.png,sim_0345,0.7084802369
D:/GENE_simulation_AI/DCEC/all_rgb\all\sim_0346_diff.png,sim_0346,0.7245140207
D:/GENE_simulation_AI/DCEC/all_rgb\all\sim_0347_diff.png,sim_0347,0.7381804014
D:/GENE_simulation_AI/DCEC/all_rgb\all\sim_0348_diff.png,sim_0348,0.7550618671
D:/GENE_simulation_AI/DCEC/all_rgb\all\sim_0349_diff.png,sim_0349,0.6559076385
D:/GENE_simulation_AI/DCEC/all_rgb\all\sim_0350_diff.png,sim_0350,0.6946738794
D:/GENE_simulation_AI/DCEC/all_rgb\all\sim_0351_diff.png,sim_0351,0.7493490812
D:/GENE_simulation_AI/DCEC/all_rgb\all\sim_0352_diff.png,sim_0352,0.7081233454
D:/GENE_simulation_AI/DCEC/all_rgb\all\sim_0353_diff.png,sim_0353,0.7420405677
D:/GENE_simulation_AI/DCEC/all_rgb\all\sim_0354_diff.png,sim_0354,0.6743587310
D:/GENE_simulation_AI/DCEC/all_rgb\all\sim_0355_diff.png,sim_0355,0.7140395490
D:/GENE_simulation_AI/DCEC/all_rgb\all\sim_0356_diff.png,sim_0356,0.7233752175
D:/GENE_simulation_AI/DCEC/all_rgb\all\sim_0357_diff.png,sim_0357,0.7247717284
D:/GENE_simulation_AI/DCEC/all_rgb\all\sim_0358_diff.png,sim_0358,0.7236446535
D:/GENE_simulation_AI/DCEC/all_rgb\all\sim_0359_diff.png,sim_0359,0.6926466935
D:/GENE_simulation_AI/DCEC/all_rgb\all\sim_0360_diff.png,sim_0360,0.6678947706
D:/GENE_simulation_AI/DCEC/all_rgb\all\sim_0361_diff.png,sim_0361,0.6750403011
D:/GENE_simulation_AI/DCEC/all_rgb\all\sim_0362_diff.png,sim_0362,0.7210461699
D:/GENE_simulation_AI/DCEC/all_rgb\all\sim_0363_diff.png,sim_0363,0.7267365976
D:/GENE_simulation_AI/DCEC/all_rgb\all\sim_0364_diff.png,sim_0364,0.7018275197
D:/GENE_simulation_AI/DCEC/all_rgb\all\sim_0365_diff.png,sim_0365,0.7119386045
D:/GENE_simulation_AI/DCEC/all_rgb\all\sim_0366_diff.png,sim_0366,0.5853530509
D:/GENE_simulation_AI/DCEC/all_rgb\all\sim_0367_diff.png,sim_0367,0.5928631041
D:/GENE_simulation_AI/DCEC/all_rgb\all\sim_0368_diff.png,sim_0368,0.7233844138
D:/GENE_simulation_AI/DCEC/all_rgb\all\sim_0369_diff.png,sim_0369,0.5096843347
D:/GENE_simulation_AI/DCEC/all_rgb\all\sim_0370_diff.png,sim_0370,0.7433514175
D:/GENE_simulation_AI/DCEC/all_rgb\all\sim_0371_diff.png,sim_0371,0.6793109049
D:/GENE_simulation_AI/DCEC/all_rgb\all\sim_0372_diff.png,sim_0372,0.7213142093
D:/GENE_simulation_AI/DCEC/all_rgb\all\sim_0373_diff.png,sim_0373,0.7039963071
D:/GENE_simulation_AI/DCEC/all_rgb\all\sim_0374_diff.png,sim_0374,0.6998893006
D:/GENE_simulation_AI/DCEC/all_rgb\all\sim_0375_diff.png,sim_0375,0.6051688427
D:/GENE_simulation_AI/DCEC/all_rgb\all\sim_0376_diff.png,sim_0376,0.6359554237
D:/GENE_simulation_AI/DCEC/all_rgb\all\sim_0377_diff.png,sim_0377,0.7444163784
D:/GENE_simulation_AI/DCEC/all_rgb\all\sim_0378_diff.png,sim_0378,0.6732673236
D:/GENE_simulation_AI/DCEC/all_rgb\all\sim_0380_diff.png,sim_0380,0.6574922535
D:/GENE_simulation_AI/DCEC/all_rgb\all\sim_0381_diff.png,sim_0381,0.6400253601
D:/GENE_simulation_AI/DCEC/all_rgb\all\sim_0382_diff.png,sim_0382,0.7075670967
D:/GENE_simulation_AI/DCEC/all_rgb\all\sim_0383_diff.png,sim_0383,0.7503022321
D:/GENE_simulation_AI/DCEC/all_rgb\all\sim_0384_diff.png,sim_0384,0.6553015896
D:/GENE_simulation_AI/DCEC/all_rgb\all\sim_0385_diff.png,sim_0385,0.7390482597
D:/GENE_simulation_AI/DCEC/all_rgb\all\sim_0386_diff.png,sim_0386,0.7160155543
D:/GENE_simulation_AI/DCEC/all_rgb\all\sim_0387_diff.png,sim_0387,0.6567089672
D:/GENE_simulation_AI/DCEC/all_rgb\all\sim_0388_diff.png,sim_0388,0.4283832425
D:/GENE_simulation_AI/DCEC/all_rgb\all\sim_0389_diff.png,sim_0389,0.2601058913
D:/GENE_simulation_AI/DCEC/all_rgb\all\sim_0390_diff.png,sim_0390,0.6952653180
D:/GENE_simulation_AI/DCEC/all_rgb\all\sim_0391_diff.png,sim_0391,0.6981936004
D:/GENE_simulation_AI/DCEC/all_rgb\all\sim_0392_diff.png,sim_0392,0.6772882581
D:/GENE_simulation_AI/DCEC/all_rgb\all\sim_0393_diff.png,sim_0393,0.6977859338
D:/GENE_simulation_AI/DCEC/all_rgb\all\sim_0394_diff.png,sim_0394,0.6977004718
D:/GENE_simulation_AI/DCEC/all_rgb\all\sim_0395_diff.png,sim_0395,0.6265889181
D:/GENE_simulation_AI/DCEC/all_rgb\all\sim_0396_diff.png,sim_0396,0.6523830249
D:/GENE_simulation_AI/DCEC/all_rgb\all\sim_0397_diff.png,sim_0397,0.5554432940
D:/GENE_simulation_AI/DCEC/all_rgb\all\sim_0398_diff.png,sim_0398,0.3434428310
D:/GENE_simulation_AI/DCEC/all_rgb\all\sim_0399_diff.png,sim_0399,0.5963818264
D:/GENE_simulation_AI/DCEC/all_rgb\all\sim_0400_diff.png,sim_0400,0.6564391366
D:/GENE_simulation_AI/DCEC/all_rgb\all\sim_0401_diff.png,sim_0401,0.6710776369
D:/GENE_simulation_AI/DCEC/all_rgb\all\sim_0402_diff.png,sim_0402,0.6509068855
D:/GENE_simulation_AI/DCEC/all_rgb\all\sim_0403_diff.png,sim_0403,0.6373753466
D:/GENE_simulation_AI/DCEC/all_rgb\all\sim_0404_diff.png,sim_0404,0.6519317884
D:/GENE_simulation_AI/DCEC/all_rgb\all\sim_0405_diff.png,sim_0405,0.6839344744
D:/GENE_simulation_AI/DCEC/all_rgb\all\sim_0406_diff.png,sim_0406,0.6965236627
D:/GENE_simulation_AI/DCEC/all_rgb\all\sim_0407_diff.png,sim_0407,0.5742657463
D:/GENE_simulation_AI/DCEC/all_rgb\all\sim_0408_diff.png,sim_0408,0.6445328478
D:/GENE_simulation_AI/DCEC/all_rgb\all\sim_0409_diff.png,sim_0409,0.6229220218
D:/GENE_simulation_AI/DCEC/all_rgb\all\sim_0410_diff.png,sim_0410,0.7061656389
D:/GENE_simulation_AI/DCEC/all_rgb\all\sim_0411_diff.png,sim_0411,0.7126387591
D:/GENE_simulation_AI/DCEC/all_rgb\all\sim_0412_diff.png,sim_0412,0.6957051878
D:/GENE_simulation_AI/DCEC/all_rgb\all\sim_0413_diff.png,sim_0413,0.7033194881
D:/GENE_simulation_AI/DCEC/all_rgb\all\sim_0414_diff.png,sim_0414,0.7435110418
D:/GENE_simulation_AI/DCEC/all_rgb\all\sim_0415_diff.png,sim_0415,0.7231028029
D:/GENE_simulation_AI/DCEC/all_rgb\all\sim_0416_diff.png,sim_0416,0.7289341669
D:/GENE_simulation_AI/DCEC/all_rgb\all\sim_0417_diff.png,sim_0417,0.7331342967
D:/GENE_simulation_AI/DCEC/all_rgb\all\sim_0418_diff.png,sim_0418,0.7346669239
D:/GENE_simulation_AI/DCEC/all_rgb\all\sim_0419_diff.png,sim_0419,0.7590471620
D:/GENE_simulation_AI/DCEC/all_rgb\all\sim_0420_diff.png,sim_0420,0.7315272005
D:/GENE_simulation_AI/DCEC/all_rgb\all\sim_0421_diff.png,sim_0421,0.6726466324
D:/GENE_simulation_AI/DCEC/all_rgb\all\sim_0422_diff.png,sim_0422,0.6432297420
D:/GENE_simulation_AI/DCEC/all_rgb\all\sim_0423_diff.png,sim_0423,0.7185887058
D:/GENE_simulation_AI/DCEC/all_rgb\all\sim_0424_diff.png,sim_0424,0.6989430601
D:/GENE_simulation_AI/DCEC/all_rgb\all\sim_0425_diff.png,sim_0425,0.7192360968
D:/GENE_simulation_AI/DCEC/all_rgb\all\sim_0426_diff.png,sim_0426,0.7438211036
D:/GENE_simulation_AI/DCEC/all_rgb\all\sim_0427_diff.png,sim_0427,0.7352663320
D:/GENE_simulation_AI/DCEC/all_rgb\all\sim_0428_diff.png,sim_0428,0.7362637876
D:/GENE_simulation_AI/DCEC/all_rgb\all\sim_0429_diff.png,sim_0429,0.6222408933
D:/GENE_simulation_AI/DCEC/all_rgb\all\sim_0430_diff.png,sim_0430,0.6830256123
D:/GENE_simulation_AI/DCEC/all_rgb\all\sim_0431_diff.png,sim_0431,0.7087448902
D:/GENE_simulation_AI/DCEC/all_rgb\all\sim_0432_diff.png,sim_0432,0.6951977837
D:/GENE_simulation_AI/DCEC/all_rgb\all\sim_0433_diff.png,sim_0433,0.7471265568
D:/GENE_simulation_AI/DCEC/all_rgb\all\sim_0434_diff.png,sim_0434,0.7614605133
D:/GENE_simulation_AI/DCEC/all_rgb\all\sim_0435_diff.png,sim_0435,0.7185883691
D:/GENE_simulation_AI/DCEC/all_rgb\all\sim_0436_diff.png,sim_0436,0.7367396672
D:/GENE_simulation_AI/DCEC/all_rgb\all\sim_0437_diff.png,sim_0437,0.7041319154
D:/GENE_simulation_AI/DCEC/all_rgb\all\sim_0438_diff.png,sim_0438,0.7308089946
D:/GENE_simulation_AI/DCEC/all_rgb\all\sim_0439_diff.png,sim_0439,0.7364899177
D:/GENE_simulation_AI/DCEC/all_rgb\all\sim_0440_diff.png,sim_0440,0.6726111127
D:/GENE_simulation_AI/DCEC/all_rgb\all\sim_0441_diff.png,sim_0441,0.6329953895
D:/GENE_simulation_AI/DCEC/all_rgb\all\sim_0442_diff.png,sim_0442,0.7512827377
D:/GENE_simulation_AI/DCEC/all_rgb\all\sim_0443_diff.png,sim_0443,0.7216724706
D:/GENE_simulation_AI/DCEC/all_rgb\all\sim_0444_diff.png,sim_0444,0.7175412510
D:/GENE_simulation_AI/DCEC/all_rgb\all\sim_0445_diff.png,sim_0445,0.7114182302
D:/GENE_simulation_AI/DCEC/all_rgb\all\sim_0446_diff.png,sim_0446,0.6403066285
D:/GENE_simulation_AI/DCEC/all_rgb\all\sim_0447_diff.png,sim_0447,0.7234659175
D:/GENE_simulation_AI/DCEC/all_rgb\all\sim_0448_diff.png,sim_0448,0.7062566558
D:/GENE_simulation_AI/DCEC/all_rgb\all\sim_0449_diff.png,sim_0449,0.6764999669
D:/GENE_simulation_AI/DCEC/all_rgb\all\sim_0450_diff.png,sim_0450,0.7001854649
D:/GENE_simulation_AI/DCEC/all_rgb\all\sim_0451_diff.png,sim_0451,0.6642949695
D:/GENE_simulation_AI/DCEC/all_rgb\all\sim_0452_diff.png,sim_0452,0.6992454625
D:/GENE_simulation_AI/DCEC/all_rgb\all\sim_0453_diff.png,sim_0453,0.7094730954
D:/GENE_simulation_AI/DCEC/all_rgb\all\sim_0454_diff.png,sim_0454,0.7067397341
D:/GENE_simulation_AI/DCEC/all_rgb\all\sim_0455_diff.png,sim_0455,0.5705657109
D:/GENE_simulation_AI/DCEC/all_rgb\all\sim_0456_diff.png,sim_0456,0.6589269424
D:/GENE_simulation_AI/DCEC/all_rgb\all\sim_0457_diff.png,sim_0457,0.6525479619
D:/GENE_simulation_AI/DCEC/all_rgb\all\sim_0458_diff.png,sim_0458,0.6882313121
D:/GENE_simulation_AI/DCEC/all_rgb\all\sim_0459_diff.png,sim_0459,0.6051376999
D:/GENE_simulation_AI/DCEC/all_rgb\all\sim_0460_diff.png,sim_0460,0.6469655395
D:/GENE_simulation_AI/DCEC/all_rgb\all\sim_0461_diff.png,sim_0461,0.6133516519
D:/GENE_simulation_AI/DCEC/all_rgb\all\sim_0462_diff.png,sim_0462,0.7005792610
D:/GENE_simulation_AI/DCEC/all_rgb\all\sim_0463_diff.png,sim_0463,0.7481540789
D:/GENE_simulation_AI/DCEC/all_rgb\all\sim_0464_diff.png,sim_0464,0.6357167074
D:/GENE_simulation_AI/DCEC/all_rgb\all\sim_0465_diff.png,sim_0465,0.7327676582
D:/GENE_simulation_AI/DCEC/all_rgb\all\sim_0466_diff.png,sim_0466,0.7131498412
D:/GENE_simulation_AI/DCEC/all_rgb\all\sim_0467_diff.png,sim_0467,0.6612308072
D:/GENE_simulation_AI/DCEC/all_rgb\all\sim_0468_diff.png,sim_0468,0.4644327399
D:/GENE_simulation_AI/DCEC/all_rgb\all\sim_0469_diff.png,sim_0469,0.2734035465
D:/GENE_simulation_AI/DCEC/all_rgb\all\sim_0470_diff.png,sim_0470,0.6917338641
D:/GENE_simulation_AI/DCEC/all_rgb\all\sim_0472_diff.png,sim_0472,0.6782671135
D:/GENE_simulation_AI/DCEC/all_rgb\all\sim_0473_diff.png,sim_0473,0.6771271107
D:/GENE_simulation_AI/DCEC/all_rgb\all\sim_0474_diff.png,sim_0474,0.6790559145
D:/GENE_simulation_AI/DCEC/all_rgb\all\sim_0475_diff.png,sim_0475,0.6275820512
D:/GENE_simulation_AI/DCEC/all_rgb\all\sim_0476_diff.png,sim_0476,0.6428308036
D:/GENE_simulation_AI/DCEC/all_rgb\all\sim_0477_diff.png,sim_0477,0.6229750466
D:/GENE_simulation_AI/DCEC/all_rgb\all\sim_0479_diff.png,sim_0479,0.5791536338
D:/GENE_simulation_AI/DCEC/all_rgb\all\sim_0480_diff.png,sim_0480,0.6462941449
D:/GENE_simulation_AI/DCEC/all_rgb\all\sim_0481_diff.png,sim_0481,0.6670561456
D:/GENE_simulation_AI/DCEC/all_rgb\all\sim_0482_diff.png,sim_0482,0.6505517988
D:/GENE_simulation_AI/DCEC/all_rgb\all\sim_0483_diff.png,sim_0483,0.6471338794
D:/GENE_simulation_AI/DCEC/all_rgb\all\sim_0484_diff.png,sim_0484,0.6513536970
D:/GENE_simulation_AI/DCEC/all_rgb\all\sim_0485_diff.png,sim_0485,0.7436727911
D:/GENE_simulation_AI/DCEC/all_rgb\all\sim_0486_diff.png,sim_0486,0.6978386492
D:/GENE_simulation_AI/DCEC/all_rgb\all\sim_0487_diff.png,sim_0487,0.5937349426
D:/GENE_simulation_AI/DCEC/all_rgb\all\sim_0488_diff.png,sim_0488,0.6406272784
D:/GENE_simulation_AI/DCEC/all_rgb\all\sim_0489_diff.png,sim_0489,0.6007640427
D:/GENE_simulation_AI/DCEC/all_rgb\all\sim_0490_diff.png,sim_0490,0.6976573183
D:/GENE_simulation_AI/DCEC/all_rgb\all\sim_0491_diff.png,sim_0491,0.7192079047
D:/GENE_simulation_AI/DCEC/all_rgb\all\sim_0492_diff.png,sim_0492,0.7148786760
D:/GENE_simulation_AI/DCEC/all_rgb\all\sim_0493_diff.png,sim_0493,0.6960609541
D:/GENE_simulation_AI/DCEC/all_rgb\all\sim_0494_diff.png,sim_0494,0.6952519466
D:/GENE_simulation_AI/DCEC/all_rgb\all\sim_0495_diff.png,sim_0495,0.7244669801
D:/GENE_simulation_AI/DCEC/all_rgb\all\sim_0496_diff.png,sim_0496,0.7343711808
D:/GENE_simulation_AI/DCEC/all_rgb\all\sim_0497_diff.png,sim_0497,0.7349824016
D:/GENE_simulation_AI/DCEC/all_rgb\all\sim_0498_diff.png,sim_0498,0.7301362370
D:/GENE_simulation_AI/DCEC/all_rgb\all\sim_0499_diff.png,sim_0499,0.7548884744
D:/GENE_simulation_AI/DCEC/all_rgb\all\sim_0500_diff.png,sim_0500,0.6506722075
D:/GENE_simulation_AI/DCEC/all_rgb\all\sim_0501_diff.png,sim_0501,0.7069358692
D:/GENE_simulation_AI/DCEC/all_rgb\all\sim_0502_diff.png,sim_0502,0.6755084956
D:/GENE_simulation_AI/DCEC/all_rgb\all\sim_0503_diff.png,sim_0503,0.7187106814
D:/GENE_simulation_AI/DCEC/all_rgb\all\sim_0504_diff.png,sim_0504,0.7394091076
D:/GENE_simulation_AI/DCEC/all_rgb\all\sim_0505_diff.png,sim_0505,0.7145740549
D:/GENE_simulation_AI/DCEC/all_rgb\all\sim_0506_diff.png,sim_0506,0.7391804397
D:/GENE_simulation_AI/DCEC/all_rgb\all\sim_0507_diff.png,sim_0507,0.7361636842
D:/GENE_simulation_AI/DCEC/all_rgb\all\sim_0508_diff.png,sim_0508,0.7247522229
D:/GENE_simulation_AI/DCEC/all_rgb\all\sim_0509_diff.png,sim_0509,0.6150609716
D:/GENE_simulation_AI/DCEC/all_rgb\all\sim_0510_diff.png,sim_0510,0.7068968683
D:/GENE_simulation_AI/DCEC/all_rgb\all\sim_0511_diff.png,sim_0511,0.6478007352
D:/GENE_simulation_AI/DCEC/all_rgb\all\sim_0512_diff.png,sim_0512,0.6469353299
D:/GENE_simulation_AI/DCEC/all_rgb\all\sim_0513_diff.png,sim_0513,0.6104641408
D:/GENE_simulation_AI/DCEC/all_rgb\all\sim_0514_diff.png,sim_0514,0.7125377451
D:/GENE_simulation_AI/DCEC/all_rgb\all\sim_0515_diff.png,sim_0515,0.7400003239
D:/GENE_simulation_AI/DCEC/all_rgb\all\sim_0516_diff.png,sim_0516,0.7000416885
D:/GENE_simulation_AI/DCEC/all_rgb\all\sim_0517_diff.png,sim_0517,0.6666481884
D:/GENE_simulation_AI/DCEC/all_rgb\all\sim_0518_diff.png,sim_0518,0.6758996769
D:/GENE_simulation_AI/DCEC/all_rgb\all\sim_0519_diff.png,sim_0519,0.7134610938
D:/GENE_simulation_AI/DCEC/all_rgb\all\sim_0520_diff.png,sim_0520,0.6834857546
D:/GENE_simulation_AI/DCEC/all_rgb\all\sim_0521_diff.png,sim_0521,0.7036165305
D:/GENE_simulation_AI/DCEC/all_rgb\all\sim_0522_diff.png,sim_0522,0.7124594175
D:/GENE_simulation_AI/DCEC/all_rgb\all\sim_0523_diff.png,sim_0523,0.7427039424
D:/GENE_simulation_AI/DCEC/all_rgb\all\sim_0524_diff.png,sim_0524,0.7328993570
D:/GENE_simulation_AI/DCEC/all_rgb\all\sim_0525_diff.png,sim_0525,0.7342253060
D:/GENE_simulation_AI/DCEC/all_rgb\all\sim_0526_diff.png,sim_0526,0.6096213889
D:/GENE_simulation_AI/DCEC/all_rgb\all\sim_0527_diff.png,sim_0527,0.6212792992
D:/GENE_simulation_AI/DCEC/all_rgb\all\sim_0528_diff.png,sim_0528,0.6703243238
D:/GENE_simulation_AI/DCEC/all_rgb\all\sim_0529_diff.png,sim_0529,0.6671133621
D:/GENE_simulation_AI/DCEC/all_rgb\all\sim_0530_diff.png,sim_0530,0.7196463252
D:/GENE_simulation_AI/DCEC/all_rgb\all\sim_0531_diff.png,sim_0531,0.7340996505
D:/GENE_simulation_AI/DCEC/all_rgb\all\sim_0532_diff.png,sim_0532,0.6862641986
D:/GENE_simulation_AI/DCEC/all_rgb\all\sim_0533_diff.png,sim_0533,0.6856464440
D:/GENE_simulation_AI/DCEC/all_rgb\all\sim_0534_diff.png,sim_0534,0.7098617023
D:/GENE_simulation_AI/DCEC/all_rgb\all\sim_0535_diff.png,sim_0535,0.5575412300
D:/GENE_simulation_AI/DCEC/all_rgb\all\sim_0536_diff.png,sim_0536,0.5666208719
D:/GENE_simulation_AI/DCEC/all_rgb\all\sim_0537_diff.png,sim_0537,0.6040765249
D:/GENE_simulation_AI/DCEC/all_rgb\all\sim_0538_diff.png,sim_0538,0.7006589090
D:/GENE_simulation_AI/DCEC/all_rgb\all\sim_0539_diff.png,sim_0539,0.6142445347
D:/GENE_simulation_AI/DCEC/all_rgb\all\sim_0540_diff.png,sim_0540,0.6564411962
D:/GENE_simulation_AI/DCEC/all_rgb\all\sim_0541_diff.png,sim_0541,0.6079406370
D:/GENE_simulation_AI/DCEC/all_rgb\all\sim_0542_diff.png,sim_0542,0.7267777296
D:/GENE_simulation_AI/DCEC/all_rgb\all\sim_0543_diff.png,sim_0543,0.7457490948
D:/GENE_simulation_AI/DCEC/all_rgb\all\sim_0544_diff.png,sim_0544,0.6353928454
D:/GENE_simulation_AI/DCEC/all_rgb\all\sim_0545_diff.png,sim_0545,0.7417719292
D:/GENE_simulation_AI/DCEC/all_rgb\all\sim_0546_diff.png,sim_0546,0.7221208675
D:/GENE_simulation_AI/DCEC/all_rgb\all\sim_0547_diff.png,sim_0547,0.6869180554
D:/GENE_simulation_AI/DCEC/all_rgb\all\sim_0548_diff.png,sim_0548,0.4944298319
D:/GENE_simulation_AI/DCEC/all_rgb\all\sim_0549_diff.png,sim_0549,0.2974288402
D:/GENE_simulation_AI/DCEC/all_rgb\all\sim_0550_diff.png,sim_0550,0.6792356763
D:/GENE_simulation_AI/DCEC/all_rgb\all\sim_0551_diff.png,sim_0551,0.6567832262
D:/GENE_simulation_AI/DCEC/all_rgb\all\sim_0552_diff.png,sim_0552,0.6763605855
D:/GENE_simulation_AI/DCEC/all_rgb\all\sim_0553_diff.png,sim_0553,0.6879764493
D:/GENE_simulation_AI/DCEC/all_rgb\all\sim_0554_diff.png,sim_0554,0.6856361072
D:/GENE_simulation_AI/DCEC/all_rgb\all\sim_0555_diff.png,sim_0555,0.6678838033
D:/GENE_simulation_AI/DCEC/all_rgb\all\sim_0556_diff.png,sim_0556,0.6476490844
D:/GENE_simulation_AI/DCEC/all_rgb\all\sim_0557_diff.png,sim_0557,0.5600842227
D:/GENE_simulation_AI/DCEC/all_rgb\all\sim_0558_diff.png,sim_0558,0.3438938469
D:/GENE_simulation_AI/DCEC/all_rgb\all\sim_0559_diff.png,sim_0559,0.6109706149
D:/GENE_simulation_AI/DCEC/all_rgb\all\sim_0560_diff.png,sim_0560,0.6545060851
D:/GENE_simulation_AI/DCEC/all_rgb\all\sim_0561_diff.png,sim_0561,0.6558007706
D:/GENE_simulation_AI/DCEC/all_rgb\all\sim_0562_diff.png,sim_0562,0.6480183235
D:/GENE_simulation_AI/DCEC/all_rgb\all\sim_0563_diff.png,sim_0563,0.6542509685
D:/GENE_simulation_AI/DCEC/all_rgb\all\sim_0564_diff.png,sim_0564,0.6579273664
D:/GENE_simulation_AI/DCEC/all_rgb\all\sim_0565_diff.png,sim_0565,0.6685812220
D:/GENE_simulation_AI/DCEC/all_rgb\all\sim_0566_diff.png,sim_0566,0.6586921104
D:/GENE_simulation_AI/DCEC/all_rgb\all\sim_0567_diff.png,sim_0567,0.6108774407
D:/GENE_simulation_AI/DCEC/all_rgb\all\sim_0568_diff.png,sim_0568,0.6151435046
D:/GENE_simulation_AI/DCEC/all_rgb\all\sim_0569_diff.png,sim_0569,0.5593777991
D:/GENE_simulation_AI/DCEC/all_rgb\all\sim_0570_diff.png,sim_0570,0.6901831407
D:/GENE_simulation_AI/DCEC/all_rgb\all\sim_0571_diff.png,sim_0571,0.7065716656
D:/GENE_simulation_AI/DCEC/all_rgb\all\sim_0572_diff.png,sim_0572,0.7027744008
D:/GENE_simulation_AI/DCEC/all_rgb\all\sim_0573_diff.png,sim_0573,0.7084076954
D:/GENE_simulation_AI/DCEC/all_rgb\all\sim_0574_diff.png,sim_0574,0.6809914888
D:/GENE_simulation_AI/DCEC/all_rgb\all\sim_0575_diff.png,sim_0575,0.7184547775
D:/GENE_simulation_AI/DCEC/all_rgb\all\sim_0576_diff.png,sim_0576,0.7314204990
D:/GENE_simulation_AI/DCEC/all_rgb\all\sim_0577_diff.png,sim_0577,0.7311006965
D:/GENE_simulation_AI/DCEC/all_rgb\all\sim_0578_diff.png,sim_0578,0.7298284747
D:/GENE_simulation_AI/DCEC/all_rgb\all\sim_0579_diff.png,sim_0579,0.7475362296
D:/GENE_simulation_AI/DCEC/all_rgb\all\sim_0580_diff.png,sim_0580,0.6407902615
D:/GENE_simulation_AI/DCEC/all_rgb\all\sim_0581_diff.png,sim_0581,0.6811753435
D:/GENE_simulation_AI/DCEC/all_rgb\all\sim_0582_diff.png,sim_0582,0.7298286829
D:/GENE_simulation_AI/DCEC/all_rgb\all\sim_0583_diff.png,sim_0583,0.7215087446
D:/GENE_simulation_AI/DCEC/all_rgb\all\sim_0584_diff.png,sim_0584,0.7186636515
D:/GENE_simulation_AI/DCEC/all_rgb\all\sim_0585_diff.png,sim_0585,0.7489791556
D:/GENE_simulation_AI/DCEC/all_rgb\all\sim_0586_diff.png,sim_0586,0.7401425961
D:/GENE_simulation_AI/DCEC/all_rgb\all\sim_0587_diff.png,sim_0587,0.7406574684
D:/GENE_simulation_AI/DCEC/all_rgb\all\sim_0588_diff.png,sim_0588,0.7299746359
D:/GENE_simulation_AI/DCEC/all_rgb\all\sim_0589_diff.png,sim_0589,0.7293823799
D:/GENE_simulation_AI/DCEC/all_rgb\all\sim_0590_diff.png,sim_0590,0.7163750077
D:/GENE_simulation_AI/DCEC/all_rgb\all\sim_0591_diff.png,sim_0591,0.6509842550
D:/GENE_simulation_AI/DCEC/all_rgb\all\sim_0592_diff.png,sim_0592,0.6412655588
D:/GENE_simulation_AI/DCEC/all_rgb\all\sim_0593_diff.png,sim_0593,0.6297014988
D:/GENE_simulation_AI/DCEC/all_rgb\all\sim_0594_diff.png,sim_0594,0.6898923598
D:/GENE_simulation_AI/DCEC/all_rgb\all\sim_0595_diff.png,sim_0595,0.7149191369
D:/GENE_simulation_AI/DCEC/all_rgb\all\sim_0596_diff.png,sim_0596,0.7261148371
D:/GENE_simulation_AI/DCEC/all_rgb\all\sim_0597_diff.png,sim_0597,0.7234805980
D:/GENE_simulation_AI/DCEC/all_rgb\all\sim_0598_diff.png,sim_0598,0.7293030625
D:/GENE_simulation_AI/DCEC/all_rgb\all\sim_0599_diff.png,sim_0599,0.7190585668
D:/GENE_simulation_AI/DCEC/all_rgb\all\sim_0600_diff.png,sim_0600,0.6706748992
D:/GENE_simulation_AI/DCEC/all_rgb\all\sim_0601_diff.png,sim_0601,0.6939742390
D:/GENE_simulation_AI/DCEC/all_rgb\all\sim_0602_diff.png,sim_0602,0.6603887637
D:/GENE_simulation_AI/DCEC/all_rgb\all\sim_0603_diff.png,sim_0603,0.7289583888
D:/GENE_simulation_AI/DCEC/all_rgb\all\sim_0604_diff.png,sim_0604,0.7332687355
D:/GENE_simulation_AI/DCEC/all_rgb\all\sim_0605_diff.png,sim_0605,0.7347326491
D:/GENE_simulation_AI/DCEC/all_rgb\all\sim_0606_diff.png,sim_0606,0.7094749745
D:/GENE_simulation_AI/DCEC/all_rgb\all\sim_0607_diff.png,sim_0607,0.7496370038
D:/GENE_simulation_AI/DCEC/all_rgb\all\sim_0608_diff.png,sim_0608,0.7071813309
D:/GENE_simulation_AI/DCEC/all_rgb\all\sim_0609_diff.png,sim_0609,0.7472974511
D:/GENE_simulation_AI/DCEC/all_rgb\all\sim_0610_diff.png,sim_0610,0.7447299433
D:/GENE_simulation_AI/DCEC/all_rgb\all\sim_0611_diff.png,sim_0611,0.7505630878
D:/GENE_simulation_AI/DCEC/all_rgb\all\sim_0612_diff.png,sim_0612,0.6959594258
D:/GENE_simulation_AI/DCEC/all_rgb\all\sim_0613_diff.png,sim_0613,0.7206825226
D:/GENE_simulation_AI/DCEC/all_rgb\all\sim_0614_diff.png,sim_0614,0.7083348438
D:/GENE_simulation_AI/DCEC/all_rgb\all\sim_0615_diff.png,sim_0615,0.4919128673
D:/GENE_simulation_AI/DCEC/all_rgb\all\sim_0616_diff.png,sim_0616,0.5393428285
D:/GENE_simulation_AI/DCEC/all_rgb\all\sim_0617_diff.png,sim_0617,0.5606891332
D:/GENE_simulation_AI/DCEC/all_rgb\all\sim_0618_diff.png,sim_0618,0.7045780839
D:/GENE_simulation_AI/DCEC/all_rgb\all\sim_0619_diff.png,sim_0619,0.7250397495
D:/GENE_simulation_AI/DCEC/all_rgb\all\sim_0620_diff.png,sim_0620,0.6563223942
D:/GENE_simulation_AI/DCEC/all_rgb\all\sim_0621_diff.png,sim_0621,0.6235642582
D:/GENE_simulation_AI/DCEC/all_rgb\all\sim_0622_diff.png,sim_0622,0.7266903157
D:/GENE_simulation_AI/DCEC/all_rgb\all\sim_0623_diff.png,sim_0623,0.7334802874
D:/GENE_simulation_AI/DCEC/all_rgb\all\sim_0624_diff.png,sim_0624,0.6354835184
D:/GENE_simulation_AI/DCEC/all_rgb\all\sim_0625_diff.png,sim_0625,0.7268695670
D:/GENE_simulation_AI/DCEC/all_rgb\all\sim_0626_diff.png,sim_0626,0.7213892482
D:/GENE_simulation_AI/DCEC/all_rgb\all\sim_0627_diff.png,sim_0627,0.6826679690
D:/GENE_simulation_AI/DCEC/all_rgb\all\sim_0628_diff.png,sim_0628,0.5450435177
D:/GENE_simulation_AI/DCEC/all_rgb\all\sim_0629_diff.png,sim_0629,0.3680365904
D:/GENE_simulation_AI/DCEC/all_rgb\all\sim_0630_diff.png,sim_0630,0.6838179690
D:/GENE_simulation_AI/DCEC/all_rgb\all\sim_0631_diff.png,sim_0631,0.6369381758
D:/GENE_simulation_AI/DCEC/all_rgb\all\sim_0632_diff.png,sim_0632,0.6748513928
D:/GENE_simulation_AI/DCEC/all_rgb\all\sim_0633_diff.png,sim_0633,0.6618022400
D:/GENE_simulation_AI/DCEC/all_rgb\all\sim_0634_diff.png,sim_0634,0.6601271042
D:/GENE_simulation_AI/DCEC/all_rgb\all\sim_0635_diff.png,sim_0635,0.6567192158
D:/GENE_simulation_AI/DCEC/all_rgb\all\sim_0636_diff.png,sim_0636,0.6887240059
D:/GENE_simulation_AI/DCEC/all_rgb\all\sim_0637_diff.png,sim_0637,0.4997064809
D:/GENE_simulation_AI/DCEC/all_rgb\all\sim_0638_diff.png,sim_0638,0.3416810935
D:/GENE_simulation_AI/DCEC/all_rgb\all\sim_0639_diff.png,sim_0639,0.6470820149
D:/GENE_simulation_AI/DCEC/all_rgb\all\sim_0640_diff.png,sim_0640,0.6717728340
D:/GENE_simulation_AI/DCEC/all_rgb\all\sim_0641_diff.png,sim_0641,0.6953416986
D:/GENE_simulation_AI/DCEC/all_rgb\all\sim_0642_diff.png,sim_0642,0.6817465670
D:/GENE_simulation_AI/DCEC/all_rgb\all\sim_0643_diff.png,sim_0643,0.6835630414
D:/GENE_simulation_AI/DCEC/all_rgb\all\sim_0644_diff.png,sim_0644,0.6711143881
D:/GENE_simulation_AI/DCEC/all_rgb\all\sim_0645_diff.png,sim_0645,0.6634290737
D:/GENE_simulation_AI/DCEC/all_rgb\all\sim_0646_diff.png,sim_0646,0.6625227865
D:/GENE_simulation_AI/DCEC/all_rgb\all\sim_0647_diff.png,sim_0647,0.7086171132
D:/GENE_simulation_AI/DCEC/all_rgb\all\sim_0648_diff.png,sim_0648,0.5648799206
D:/GENE_simulation_AI/DCEC/all_rgb\all\sim_0649_diff.png,sim_0649,0.6088487389
D:/GENE_simulation_AI/DCEC/all_rgb\all\sim_0650_diff.png,sim_0650,0.6741120818
D:/GENE_simulation_AI/DCEC/all_rgb\all\sim_0651_diff.png,sim_0651,0.6725022632
D:/GENE_simulation_AI/DCEC/all_rgb\all\sim_0652_diff.png,sim_0652,0.6878635996
D:/GENE_simulation_AI/DCEC/all_rgb\all\sim_0653_diff.png,sim_0653,0.7277102801
D:/GENE_simulation_AI/DCEC/all_rgb\all\sim_0654_diff.png,sim_0654,0.7369177190
D:/GENE_simulation_AI/DCEC/all_rgb\all\sim_0655_diff.png,sim_0655,0.7489023758
D:/GENE_simulation_AI/DCEC/all_rgb\all\sim_0656_diff.png,sim_0656,0.7430901313
D:/GENE_simulation_AI/DCEC/all_rgb\all\sim_0657_diff.png,sim_0657,0.7503950852
D:/GENE_simulation_AI/DCEC/all_rgb\all\sim_0658_diff.png,sim_0658,0.7373645016
D:/GENE_simulation_AI/DCEC/all_rgb\all\sim_0659_diff.png,sim_0659,0.7518786838
D:/GENE_simulation_AI/DCEC/all_rgb\all\sim_0660_diff.png,sim_0660,0.7017143423
D:/GENE_simulation_AI/DCEC/all_rgb\all\sim_0661_diff.png,sim_0661,0.7240497848
D:/GENE_simulation_AI/DCEC/all_rgb\all\sim_0662_diff.png,sim_0662,0.6753170624
D:/GENE_simulation_AI/DCEC/all_rgb\all\sim_0663_diff.png,sim_0663,0.6736281940
D:/GENE_simulation_AI/DCEC/all_rgb\all\sim_0664_diff.png,sim_0664,0.6534740199
D:/GENE_simulation_AI/DCEC/all_rgb\all\sim_0665_diff.png,sim_0665,0.7262350571
D:/GENE_simulation_AI/DCEC/all_rgb\all\sim_0666_diff.png,sim_0666,0.7305823016
D:/GENE_simulation_AI/DCEC/all_rgb\all\sim_0667_diff.png,sim_0667,0.7161690896
D:/GENE_simulation_AI/DCEC/all_rgb\all\sim_0668_diff.png,sim_0668,0.5920569055
D:/GENE_simulation_AI/DCEC/all_rgb\all\sim_0669_diff.png,sim_0669,0.6756449759
D:/GENE_simulation_AI/DCEC/all_rgb\all\sim_0670_diff.png,sim_0670,0.7132535867
D:/GENE_simulation_AI/DCEC/all_rgb\all\sim_0671_diff.png,sim_0671,0.6556990231
D:/GENE_simulation_AI/DCEC/all_rgb\all\sim_0672_diff.png,sim_0672,0.6357010362
D:/GENE_simulation_AI/DCEC/all_rgb\all\sim_0673_diff.png,sim_0673,0.6750448670
D:/GENE_simulation_AI/DCEC/all_rgb\all\sim_0674_diff.png,sim_0674,0.6756236680
D:/GENE_simulation_AI/DCEC/all_rgb\all\sim_0675_diff.png,sim_0675,0.7236208293
D:/GENE_simulation_AI/DCEC/all_rgb\all\sim_0676_diff.png,sim_0676,0.7431143542
D:/GENE_simulation_AI/DCEC/all_rgb\all\sim_0677_diff.png,sim_0677,0.7270774656
D:/GENE_simulation_AI/DCEC/all_rgb\all\sim_0678_diff.png,sim_0678,0.7134882321
D:/GENE_simulation_AI/DCEC/all_rgb\all\sim_0679_diff.png,sim_0679,0.6886909485
D:/GENE_simulation_AI/DCEC/all_rgb\all\sim_0680_diff.png,sim_0680,0.6741413903
D:/GENE_simulation_AI/DCEC/all_rgb\all\sim_0681_diff.png,sim_0681,0.7441825232
D:/GENE_simulation_AI/DCEC/all_rgb\all\sim_0682_diff.png,sim_0682,0.6558052064
D:/GENE_simulation_AI/DCEC/all_rgb\all\sim_0683_diff.png,sim_0683,0.7312185837
D:/GENE_simulation_AI/DCEC/all_rgb\all\sim_0684_diff.png,sim_0684,0.7279065552
D:/GENE_simulation_AI/DCEC/all_rgb\all\sim_0685_diff.png,sim_0685,0.6191982152
D:/GENE_simulation_AI/DCEC/all_rgb\all\sim_0686_diff.png,sim_0686,0.7146244860
D:/GENE_simulation_AI/DCEC/all_rgb\all\sim_0687_diff.png,sim_0687,0.7390685565
D:/GENE_simulation_AI/DCEC/all_rgb\all\sim_0688_diff.png,sim_0688,0.7187997714
D:/GENE_simulation_AI/DCEC/all_rgb\all\sim_0689_diff.png,sim_0689,0.6334149878
D:/GENE_simulation_AI/DCEC/all_rgb\all\sim_0690_diff.png,sim_0690,0.7064928136
D:/GENE_simulation_AI/DCEC/all_rgb\all\sim_0691_diff.png,sim_0691,0.6990063157
D:/GENE_simulation_AI/DCEC/all_rgb\all\sim_0692_diff.png,sim_0692,0.7116164322
D:/GENE_simulation_AI/DCEC/all_rgb\all\sim_0693_diff.png,sim_0693,0.7039032008
D:/GENE_simulation_AI/DCEC/all_rgb\all\sim_0694_diff.png,sim_0694,0.7156105592
D:/GENE_simulation_AI/DCEC/all_rgb\all\sim_0695_diff.png,sim_0695,0.5803042056
D:/GENE_simulation_AI/DCEC/all_rgb\all\sim_0696_diff.png,sim_0696,0.6345489285
D:/GENE_simulation_AI/DCEC/all_rgb\all\sim_0697_diff.png,sim_0697,0.7390948016
D:/GENE_simulation_AI/DCEC/all_rgb\all\sim_0698_diff.png,sim_0698,0.6809966222
D:/GENE_simulation_AI/DCEC/all_rgb\all\sim_0699_diff.png,sim_0699,0.5615279351
D:/GENE_simulation_AI/DCEC/all_rgb\all\sim_0700_diff.png,sim_0700,0.6168652830
D:/GENE_simulation_AI/DCEC/all_rgb\all\sim_0701_diff.png,sim_0701,0.6299656523
D:/GENE_simulation_AI/DCEC/all_rgb\all\sim_0702_diff.png,sim_0702,0.7267017305
D:/GENE_simulation_AI/DCEC/all_rgb\all\sim_0703_diff.png,sim_0703,0.7359572209
D:/GENE_simulation_AI/DCEC/all_rgb\all\sim_0704_diff.png,sim_0704,0.7347144921
D:/GENE_simulation_AI/DCEC/all_rgb\all\sim_0705_diff.png,sim_0705,0.7167441038
D:/GENE_simulation_AI/DCEC/all_rgb\all\sim_0706_diff.png,sim_0706,0.7128464650
D:/GENE_simulation_AI/DCEC/all_rgb\all\sim_0707_diff.png,sim_0707,0.6480968285
D:/GENE_simulation_AI/DCEC/all_rgb\all\sim_0708_diff.png,sim_0708,0.4183359351
D:/GENE_simulation_AI/DCEC/all_rgb\all\sim_0709_diff.png,sim_0709,0.1916649643
D:/GENE_simulation_AI/DCEC/all_rgb\all\sim_0710_diff.png,sim_0710,0.7301559915
D:/GENE_simulation_AI/DCEC/all_rgb\all\sim_0711_diff.png,sim_0711,0.6576886833
D:/GENE_simulation_AI/DCEC/all_rgb\all\sim_0712_diff.png,sim_0712,0.6419093400
D:/GENE_simulation_AI/DCEC/all_rgb\all\sim_0713_diff.png,sim_0713,0.6598175835
D:/GENE_simulation_AI/DCEC/all_rgb\all\sim_0714_diff.png,sim_0714,0.6962534732
D:/GENE_simulation_AI/DCEC/all_rgb\all\sim_0715_diff.png,sim_0715,0.6274231945
D:/GENE_simulation_AI/DCEC/all_rgb\all\sim_0716_diff.png,sim_0716,0.5749704248
D:/GENE_simulation_AI/DCEC/all_rgb\all\sim_0717_diff.png,sim_0717,0.5445128147
D:/GENE_simulation_AI/DCEC/all_rgb\all\sim_0718_diff.png,sim_0718,0.3177335851
D:/GENE_simulation_AI/DCEC/all_rgb\all\sim_0719_diff.png,sim_0719,0.6117008924
D:/GENE_simulation_AI/DCEC/all_rgb\all\sim_0720_diff.png,sim_0720,0.6746713067
D:/GENE_simulation_AI/DCEC/all_rgb\all\sim_0721_diff.png,sim_0721,0.6940649855
D:/GENE_simulation_AI/DCEC/all_rgb\all\sim_0722_diff.png,sim_0722,0.6839964553
D:/GENE_simulation_AI/DCEC/all_rgb\all\sim_0723_diff.png,sim_0723,0.6794912050
D:/GENE_simulation_AI/DCEC/all_rgb\all\sim_0724_diff.png,sim_0724,0.6598998572
D:/GENE_simulation_AI/DCEC/all_rgb\all\sim_0725_diff.png,sim_0725,0.6736587442
D:/GENE_simulation_AI/DCEC/all_rgb\all\sim_0726_diff.png,sim_0726,0.6620256912
D:/GENE_simulation_AI/DCEC/all_rgb\all\sim_0727_diff.png,sim_0727,0.6869564579
D:/GENE_simulation_AI/DCEC/all_rgb\all\sim_0728_diff.png,sim_0728,0.5463839600
D:/GENE_simulation_AI/DCEC/all_rgb\all\sim_0729_diff.png,sim_0729,0.5549029850
D:/GENE_simulation_AI/DCEC/all_rgb\all\sim_0730_diff.png,sim_0730,0.7071413367
D:/GENE_simulation_AI/DCEC/all_rgb\all\sim_0731_diff.png,sim_0731,0.6889118290
D:/GENE_simulation_AI/DCEC/all_rgb\all\sim_0732_diff.png,sim_0732,0.6942196128
D:/GENE_simulation_AI/DCEC/all_rgb\all\sim_0733_diff.png,sim_0733,0.7251578709
D:/GENE_simulation_AI/DCEC/all_rgb\all\sim_0734_diff.png,sim_0734,0.7146550609
D:/GENE_simulation_AI/DCEC/all_rgb\all\sim_0735_diff.png,sim_0735,0.6948221873
D:/GENE_simulation_AI/DCEC/all_rgb\all\sim_0736_diff.png,sim_0736,0.7140256129
D:/GENE_simulation_AI/DCEC/all_rgb\all\sim_0737_diff.png,sim_0737,0.7319828985
D:/GENE_simulation_AI/DCEC/all_rgb\all\sim_0738_diff.png,sim_0738,0.7202592452
D:/GENE_simulation_AI/DCEC/all_rgb\all\sim_0739_diff.png,sim_0739,0.7429755068
D:/GENE_simulation_AI/DCEC/all_rgb\all\sim_0740_diff.png,sim_0740,0.6658107760
D:/GENE_simulation_AI/DCEC/all_rgb\all\sim_0741_diff.png,sim_0741,0.7068355484
D:/GENE_simulation_AI/DCEC/all_rgb\all\sim_0742_diff.png,sim_0742,0.7015585888
D:/GENE_simulation_AI/DCEC/all_rgb\all\sim_0743_diff.png,sim_0743,0.6975526012
D:/GENE_simulation_AI/DCEC/all_rgb\all\sim_0744_diff.png,sim_0744,0.6232135491
D:/GENE_simulation_AI/DCEC/all_rgb\all\sim_0745_diff.png,sim_0745,0.7484263859
D:/GENE_simulation_AI/DCEC/all_rgb\all\sim_0746_diff.png,sim_0746,0.7162995564
D:/GENE_simulation_AI/DCEC/all_rgb\all\sim_0747_diff.png,sim_0747,0.7188393119
D:/GENE_simulation_AI/DCEC/all_rgb\all\sim_0748_diff.png,sim_0748,0.7046802378
D:/GENE_simulation_AI/DCEC/all_rgb\all\sim_0749_diff.png,sim_0749,0.6858881187
D:/GENE_simulation_AI/DCEC/all_rgb\all\sim_0750_diff.png,sim_0750,0.6669103946
D:/GENE_simulation_AI/DCEC/all_rgb\all\sim_0751_diff.png,sim_0751,0.6397909817
D:/GENE_simulation_AI/DCEC/all_rgb\all\sim_0752_diff.png,sim_0752,0.7048859688
D:/GENE_simulation_AI/DCEC/all_rgb\all\sim_0753_diff.png,sim_0753,0.6692136771
D:/GENE_simulation_AI/DCEC/all_rgb\all\sim_0754_diff.png,sim_0754,0.6677812151
D:/GENE_simulation_AI/DCEC/all_rgb\all\sim_0755_diff.png,sim_0755,0.6302932713
D:/GENE_simulation_AI/DCEC/all_rgb\all\sim_0756_diff.png,sim_0756,0.7023699837
D:/GENE_simulation_AI/DCEC/all_rgb\all\sim_0757_diff.png,sim_0757,0.6903893652
D:/GENE_simulation_AI/DCEC/all_rgb\all\sim_0758_diff.png,sim_0758,0.5767060038
D:/GENE_simulation_AI/DCEC/all_rgb\all\sim_0759_diff.png,sim_0759,0.5483153541
D:/GENE_simulation_AI/DCEC/all_rgb\all\sim_0760_diff.png,sim_0760,0.6696673796
D:/GENE_simulation_AI/DCEC/all_rgb\all\sim_0761_diff.png,sim_0761,0.6311441553
D:/GENE_simulation_AI/DCEC/all_rgb\all\sim_0762_diff.png,sim_0762,0.6360992304
D:/GENE_simulation_AI/DCEC/all_rgb\all\sim_0763_diff.png,sim_0763,0.7264232237
D:/GENE_simulation_AI/DCEC/all_rgb\all\sim_0764_diff.png,sim_0764,0.7287653637
D:/GENE_simulation_AI/DCEC/all_rgb\all\sim_0765_diff.png,sim_0765,0.6732324295
D:/GENE_simulation_AI/DCEC/all_rgb\all\sim_0766_diff.png,sim_0766,0.6715094001
D:/GENE_simulation_AI/DCEC/all_rgb\all\sim_0767_diff.png,sim_0767,0.7208584268
D:/GENE_simulation_AI/DCEC/all_rgb\all\sim_0768_diff.png,sim_0768,0.7199883414
D:/GENE_simulation_AI/DCEC/all_rgb\all\sim_0769_diff.png,sim_0769,0.6957957355
D:/GENE_simulation_AI/DCEC/all_rgb\all\sim_0770_diff.png,sim_0770,0.6758027966
D:/GENE_simulation_AI/DCEC/all_rgb\all\sim_0771_diff.png,sim_0771,0.7360783356
D:/GENE_simulation_AI/DCEC/all_rgb\all\sim_0772_diff.png,sim_0772,0.7185698937
D:/GENE_simulation_AI/DCEC/all_rgb\all\sim_0773_diff.png,sim_0773,0.7005273377
D:/GENE_simulation_AI/DCEC/all_rgb\all\sim_0774_diff.png,sim_0774,0.6922031729
D:/GENE_simulation_AI/DCEC/all_rgb\all\sim_0775_diff.png,sim_0775,0.5845016655
D:/GENE_simulation_AI/DCEC/all_rgb\all\sim_0776_diff.png,sim_0776,0.6037556940
D:/GENE_simulation_AI/DCEC/all_rgb\all\sim_0777_diff.png,sim_0777,0.6656939672
D:/GENE_simulation_AI/DCEC/all_rgb\all\sim_0778_diff.png,sim_0778,0.7060296964
D:/GENE_simulation_AI/DCEC/all_rgb\all\sim_0779_diff.png,sim_0779,0.6084973803
D:/GENE_simulation_AI/DCEC/all_rgb\all\sim_0780_diff.png,sim_0780,0.6318554199
D:/GENE_simulation_AI/DCEC/all_rgb\all\sim_0781_diff.png,sim_0781,0.6418617912
D:/GENE_simulation_AI/DCEC/all_rgb\all\sim_0782_diff.png,sim_0782,0.7281019932
D:/GENE_simulation_AI/DCEC/all_rgb\all\sim_0783_diff.png,sim_0783,0.7451621059
D:/GENE_simulation_AI/DCEC/all_rgb\all\sim_0784_diff.png,sim_0784,0.7306969940
D:/GENE_simulation_AI/DCEC/all_rgb\all\sim_0785_diff.png,sim_0785,0.7251807115
D:/GENE_simulation_AI/DCEC/all_rgb\all\sim_0786_diff.png,sim_0786,0.7207452053
D:/GENE_simulation_AI/DCEC/all_rgb\all\sim_0787_diff.png,sim_0787,0.6575295468
D:/GENE_simulation_AI/DCEC/all_rgb\all\sim_0788_diff.png,sim_0788,0.4327167257
D:/GENE_simulation_AI/DCEC/all_rgb\all\sim_0789_diff.png,sim_0789,0.2518083657
D:/GENE_simulation_AI/DCEC/all_rgb\all\sim_0790_diff.png,sim_0790,0.7403565988
D:/GENE_simulation_AI/DCEC/all_rgb\all\sim_0791_diff.png,sim_0791,0.6405385336
D:/GENE_simulation_AI/DCEC/all_rgb\all\sim_0792_diff.png,sim_0792,0.6396850976
D:/GENE_simulation_AI/DCEC/all_rgb\all\sim_0793_diff.png,sim_0793,0.6990072271
D:/GENE_simulation_AI/DCEC/all_rgb\all\sim_0794_diff.png,sim_0794,0.6827009598
D:/GENE_simulation_AI/DCEC/all_rgb\all\sim_0795_diff.png,sim_0795,0.5889530784
D:/GENE_simulation_AI/DCEC/all_rgb\all\sim_0796_diff.png,sim_0796,0.5885802245
D:/GENE_simulation_AI/DCEC/all_rgb\all\sim_0797_diff.png,sim_0797,0.5170324346
D:/GENE_simulation_AI/DCEC/all_rgb\all\sim_0798_diff.png,sim_0798,0.3146493935
D:/GENE_simulation_AI/DCEC/all_rgb\all\sim_0799_diff.png,sim_0799,0.6206667793
D:/GENE_simulation_AI/DCEC/all_rgb\all\sim_0800_diff.png,sim_0800,0.6723088602
D:/GENE_simulation_AI/DCEC/all_rgb\all\sim_0801_diff.png,sim_0801,0.6981474294
D:/GENE_simulation_AI/DCEC/all_rgb\all\sim_0802_diff.png,sim_0802,0.6889407704
D:/GENE_simulation_AI/DCEC/all_rgb\all\sim_0803_diff.png,sim_0803,0.6753643377
D:/GENE_simulation_AI/DCEC/all_rgb\all\sim_0804_diff.png,sim_0804,0.7327379057
D:/GENE_simulation_AI/DCEC/all_rgb\all\sim_0805_diff.png,sim_0805,0.6450091076
D:/GENE_simulation_AI/DCEC/all_rgb\all\sim_0806_diff.png,sim_0806,0.6570716449
D:/GENE_simulation_AI/DCEC/all_rgb\all\sim_0807_diff.png,sim_0807,0.6992125269
D:/GENE_simulation_AI/DCEC/all_rgb\all\sim_0808_diff.png,sim_0808,0.5210959993
D:/GENE_simulation_AI/DCEC/all_rgb\all\sim_0809_diff.png,sim_0809,0.5084973870
D:/GENE_simulation_AI/DCEC/all_rgb\all\sim_0810_diff.png,sim_0810,0.6857659993
D:/GENE_simulation_AI/DCEC/all_rgb\all\sim_0811_diff.png,sim_0811,0.7170455305
D:/GENE_simulation_AI/DCEC/all_rgb\all\sim_0812_diff.png,sim_0812,0.7063389639
D:/GENE_simulation_AI/DCEC/all_rgb\all\sim_0813_diff.png,sim_0813,0.6991691374
D:/GENE_simulation_AI/DCEC/all_rgb\all\sim_0814_diff.png,sim_0814,0.7014482557
D:/GENE_simulation_AI/DCEC/all_rgb\all\sim_0815_diff.png,sim_0815,0.6679609862
D:/GENE_simulation_AI/DCEC/all_rgb\all\sim_0816_diff.png,sim_0816,0.6708951408
D:/GENE_simulation_AI/DCEC/all_rgb\all\sim_0817_diff.png,sim_0817,0.7144076747
D:/GENE_simulation_AI/DCEC/all_rgb\all\sim_0818_diff.png,sim_0818,0.7149580561
D:/GENE_simulation_AI/DCEC/all_rgb\all\sim_0819_diff.png,sim_0819,0.7499405447
D:/GENE_simulation_AI/DCEC/all_rgb\all\sim_0820_diff.png,sim_0820,0.6340201703
D:/GENE_simulation_AI/DCEC/all_rgb\all\sim_0821_diff.png,sim_0821,0.6433468818
D:/GENE_simulation_AI/DCEC/all_rgb\all\sim_0822_diff.png,sim_0822,0.6579777408
D:/GENE_simulation_AI/DCEC/all_rgb\all\sim_0823_diff.png,sim_0823,0.6086215367
D:/GENE_simulation_AI/DCEC/all_rgb\all\sim_0824_diff.png,sim_0824,0.6391003661
D:/GENE_simulation_AI/DCEC/all_rgb\all\sim_0825_diff.png,sim_0825,0.6461844726
D:/GENE_simulation_AI/DCEC/all_rgb\all\sim_0826_diff.png,sim_0826,0.7213458787
D:/GENE_simulation_AI/DCEC/all_rgb\all\sim_0827_diff.png,sim_0827,0.6931717804
D:/GENE_simulation_AI/DCEC/all_rgb\all\sim_0828_diff.png,sim_0828,0.6984888479
D:/GENE_simulation_AI/DCEC/all_rgb\all\sim_0829_diff.png,sim_0829,0.7269598757
D:/GENE_simulation_AI/DCEC/all_rgb\all\sim_0830_diff.png,sim_0830,0.6939738148
D:/GENE_simulation_AI/DCEC/all_rgb\all\sim_0831_diff.png,sim_0831,0.6826766199
D:/GENE_simulation_AI/DCEC/all_rgb\all\sim_0832_diff.png,sim_0832,0.6946757476
D:/GENE_simulation_AI/DCEC/all_rgb\all\sim_0833_diff.png,sim_0833,0.5895851563
D:/GENE_simulation_AI/DCEC/all_rgb\all\sim_0834_diff.png,sim_0834,0.6371616435
D:/GENE_simulation_AI/DCEC/all_rgb\all\sim_0835_diff.png,sim_0835,0.7166662921
D:/GENE_simulation_AI/DCEC/all_rgb\all\sim_0836_diff.png,sim_0836,0.7201257539
D:/GENE_simulation_AI/DCEC/all_rgb\all\sim_0837_diff.png,sim_0837,0.6543345477
D:/GENE_simulation_AI/DCEC/all_rgb\all\sim_0838_diff.png,sim_0838,0.7253450491
D:/GENE_simulation_AI/DCEC/all_rgb\all\sim_0839_diff.png,sim_0839,0.7129351912
D:/GENE_simulation_AI/DCEC/all_rgb\all\sim_0840_diff.png,sim_0840,0.7093665759
D:/GENE_simulation_AI/DCEC/all_rgb\all\sim_0841_diff.png,sim_0841,0.5975500676
D:/GENE_simulation_AI/DCEC/all_rgb\all\sim_0842_diff.png,sim_0842,0.6782650131
D:/GENE_simulation_AI/DCEC/all_rgb\all\sim_0843_diff.png,sim_0843,0.7295865083
D:/GENE_simulation_AI/DCEC/all_rgb\all\sim_0844_diff.png,sim_0844,0.7261020706
D:/GENE_simulation_AI/DCEC/all_rgb\all\sim_0845_diff.png,sim_0845,0.7396044697
D:/GENE_simulation_AI/DCEC/all_rgb\all\sim_0846_diff.png,sim_0846,0.6915048374
D:/GENE_simulation_AI/DCEC/all_rgb\all\sim_0847_diff.png,sim_0847,0.6818081274
D:/GENE_simulation_AI/DCEC/all_rgb\all\sim_0848_diff.png,sim_0848,0.7368726803
D:/GENE_simulation_AI/DCEC/all_rgb\all\sim_0849_diff.png,sim_0849,0.7127087863
D:/GENE_simulation_AI/DCEC/all_rgb\all\sim_0850_diff.png,sim_0850,0.6686459254
D:/GENE_simulation_AI/DCEC/all_rgb\all\sim_0851_diff.png,sim_0851,0.6092584627
D:/GENE_simulation_AI/DCEC/all_rgb\all\sim_0852_diff.png,sim_0852,0.7306447885
D:/GENE_simulation_AI/DCEC/all_rgb\all\sim_0853_diff.png,sim_0853,0.7219247111
D:/GENE_simulation_AI/DCEC/all_rgb\all\sim_0854_diff.png,sim_0854,0.7076182732
D:/GENE_simulation_AI/DCEC/all_rgb\all\sim_0855_diff.png,sim_0855,0.5917651958
D:/GENE_simulation_AI/DCEC/all_rgb\all\sim_0856_diff.png,sim_0856,0.6096705489
D:/GENE_simulation_AI/DCEC/all_rgb\all\sim_0857_diff.png,sim_0857,0.6575694412
D:/GENE_simulation_AI/DCEC/all_rgb\all\sim_0858_diff.png,sim_0858,0.4587058898
D:/GENE_simulation_AI/DCEC/all_rgb\all\sim_0859_diff.png,sim_0859,0.6614781878
D:/GENE_simulation_AI/DCEC/all_rgb\all\sim_0860_diff.png,sim_0860,0.6335236029
D:/GENE_simulation_AI/DCEC/all_rgb\all\sim_0861_diff.png,sim_0861,0.7313159288
D:/GENE_simulation_AI/DCEC/all_rgb\all\sim_0862_diff.png,sim_0862,0.7281648169
D:/GENE_simulation_AI/DCEC/all_rgb\all\sim_0863_diff.png,sim_0863,0.7417166053
D:/GENE_simulation_AI/DCEC/all_rgb\all\sim_0864_diff.png,sim_0864,0.7196977155
D:/GENE_simulation_AI/DCEC/all_rgb\all\sim_0865_diff.png,sim_0865,0.7389916033
D:/GENE_simulation_AI/DCEC/all_rgb\all\sim_0866_diff.png,sim_0866,0.7067959482
D:/GENE_simulation_AI/DCEC/all_rgb\all\sim_0867_diff.png,sim_0867,0.6704546207
D:/GENE_simulation_AI/DCEC/all_rgb\all\sim_0868_diff.png,sim_0868,0.4963750981
D:/GENE_simulation_AI/DCEC/all_rgb\all\sim_0869_diff.png,sim_0869,0.3040946172
D:/GENE_simulation_AI/DCEC/all_rgb\all\sim_0870_diff.png,sim_0870,0.7248919918
D:/GENE_simulation_AI/DCEC/all_rgb\all\sim_0871_diff.png,sim_0871,0.6517476739
D:/GENE_simulation_AI/DCEC/all_rgb\all\sim_0872_diff.png,sim_0872,0.6215833797
D:/GENE_simulation_AI/DCEC/all_rgb\all\sim_0873_diff.png,sim_0873,0.6977714051
D:/GENE_simulation_AI/DCEC/all_rgb\all\sim_0874_diff.png,sim_0874,0.7014333935
D:/GENE_simulation_AI/DCEC/all_rgb\all\sim_0875_diff.png,sim_0875,0.5838334526
D:/GENE_simulation_AI/DCEC/all_rgb\all\sim_0876_diff.png,sim_0876,0.5981287582
D:/GENE_simulation_AI/DCEC/all_rgb\all\sim_0877_diff.png,sim_0877,0.4695457302
D:/GENE_simulation_AI/DCEC/all_rgb\all\sim_0878_diff.png,sim_0878,0.2974247682
D:/GENE_simulation_AI/DCEC/all_rgb\all\sim_0879_diff.png,sim_0879,0.1583623369
D:/GENE_simulation_AI/DCEC/all_rgb\all\sim_0880_diff.png,sim_0880,0.6922295730
D:/GENE_simulation_AI/DCEC/all_rgb\all\sim_0881_diff.png,sim_0881,0.6938706401
D:/GENE_simulation_AI/DCEC/all_rgb\all\sim_0882_diff.png,sim_0882,0.6592641429
D:/GENE_simulation_AI/DCEC/all_rgb\all\sim_0883_diff.png,sim_0883,0.6116054885
D:/GENE_simulation_AI/DCEC/all_rgb\all\sim_0884_diff.png,sim_0884,0.5947252177
D:/GENE_simulation_AI/DCEC/all_rgb\all\sim_0885_diff.png,sim_0885,0.6082919220
D:/GENE_simulation_AI/DCEC/all_rgb\all\sim_0886_diff.png,sim_0886,0.6362734539
D:/GENE_simulation_AI/DCEC/all_rgb\all\sim_0887_diff.png,sim_0887,0.6928489395
D:/GENE_simulation_AI/DCEC/all_rgb\all\sim_0888_diff.png,sim_0888,0.7168483430
D:/GENE_simulation_AI/DCEC/all_rgb\all\sim_0889_diff.png,sim_0889,0.4406126386
D:/GENE_simulation_AI/DCEC/all_rgb\all\sim_0890_diff.png,sim_0890,0.6624983291
D:/GENE_simulation_AI/DCEC/all_rgb\all\sim_0891_diff.png,sim_0891,0.6317411961
D:/GENE_simulation_AI/DCEC/all_rgb\all\sim_0892_diff.png,sim_0892,0.6727513935
D:/GENE_simulation_AI/DCEC/all_rgb\all\sim_0893_diff.png,sim_0893,0.7041442813
D:/GENE_simulation_AI/DCEC/all_rgb\all\sim_0894_diff.png,sim_0894,0.7133297635
D:/GENE_simulation_AI/DCEC/all_rgb\all\sim_0895_diff.png,sim_0895,0.7288798896
D:/GENE_simulation_AI/DCEC/all_rgb\all\sim_0896_diff.png,sim_0896,0.7342511847
D:/GENE_simulation_AI/DCEC/all_rgb\all\sim_0897_diff.png,sim_0897,0.7259922557
D:/GENE_simulation_AI/DCEC/all_rgb\all\sim_0898_diff.png,sim_0898,0.7275768456
D:/GENE_simulation_AI/DCEC/all_rgb\all\sim_0899_diff.png,sim_0899,0.7524642030
D:/GENE_simulation_AI/DCEC/all_rgb\all\sim_0900_diff.png,sim_0900,0.6789626209
D:/GENE_simulation_AI/DCEC/all_rgb\all\sim_0901_diff.png,sim_0901,0.6983925429
D:/GENE_simulation_AI/DCEC/all_rgb\all\sim_0902_diff.png,sim_0902,0.6201583824
D:/GENE_simulation_AI/DCEC/all_rgb\all\sim_0903_diff.png,sim_0903,0.6249217311
D:/GENE_simulation_AI/DCEC/all_rgb\all\sim_0904_diff.png,sim_0904,0.6831563461
D:/GENE_simulation_AI/DCEC/all_rgb\all\sim_0905_diff.png,sim_0905,0.7501204421
D:/GENE_simulation_AI/DCEC/all_rgb\all\sim_0906_diff.png,sim_0906,0.6277288498
D:/GENE_simulation_AI/DCEC/all_rgb\all\sim_0907_diff.png,sim_0907,0.7553614489
D:/GENE_simulation_AI/DCEC/all_rgb\all\sim_0908_diff.png,sim_0908,0.6618341685
D:/GENE_simulation_AI/DCEC/all_rgb\all\sim_0909_diff.png,sim_0909,0.7072137197
D:/GENE_simulation_AI/DCEC/all_rgb\all\sim_0910_diff.png,sim_0910,0.6876612957
D:/GENE_simulation_AI/DCEC/all_rgb\all\sim_0911_diff.png,sim_0911,0.6637375570
D:/GENE_simulation_AI/DCEC/all_rgb\all\sim_0912_diff.png,sim_0912,0.6504109526
D:/GENE_simulation_AI/DCEC/all_rgb\all\sim_0913_diff.png,sim_0913,0.7255685648
D:/GENE_simulation_AI/DCEC/all_rgb\all\sim_0914_diff.png,sim_0914,0.6746941791
D:/GENE_simulation_AI/DCEC/all_rgb\all\sim_0915_diff.png,sim_0915,0.6589436963
D:/GENE_simulation_AI/DCEC/all_rgb\all\sim_0916_diff.png,sim_0916,0.5928946540
D:/GENE_simulation_AI/DCEC/all_rgb\all\sim_0917_diff.png,sim_0917,0.6861823844
D:/GENE_simulation_AI/DCEC/all_rgb\all\sim_0918_diff.png,sim_0918,0.7209714898
D:/GENE_simulation_AI/DCEC/all_rgb\all\sim_0919_diff.png,sim_0919,0.5315332596
D:/GENE_simulation_AI/DCEC/all_rgb\all\sim_0920_diff.png,sim_0920,0.6442307965
D:/GENE_simulation_AI/DCEC/all_rgb\all\sim_0921_diff.png,sim_0921,0.6330609826
D:/GENE_simulation_AI/DCEC/all_rgb\all\sim_0922_diff.png,sim_0922,0.6947528560
D:/GENE_simulation_AI/DCEC/all_rgb\all\sim_0923_diff.png,sim_0923,0.6341430229
D:/GENE_simulation_AI/DCEC/all_rgb\all\sim_0924_diff.png,sim_0924,0.7442464159
D:/GENE_simulation_AI/DCEC/all_rgb\all\sim_0925_diff.png,sim_0925,0.6426026768
D:/GENE_simulation_AI/DCEC/all_rgb\all\sim_0926_diff.png,sim_0926,0.6718986762
D:/GENE_simulation_AI/DCEC/all_rgb\all\sim_0927_diff.png,sim_0927,0.6632824397
D:/GENE_simulation_AI/DCEC/all_rgb\all\sim_0928_diff.png,sim_0928,0.6648783967
D:/GENE_simulation_AI/DCEC/all_rgb\all\sim_0929_diff.png,sim_0929,0.7272890093
D:/GENE_simulation_AI/DCEC/all_rgb\all\sim_0930_diff.png,sim_0930,0.7073791450
D:/GENE_simulation_AI/DCEC/all_rgb\all\sim_0931_diff.png,sim_0931,0.7415788349
D:/GENE_simulation_AI/DCEC/all_rgb\all\sim_0932_diff.png,sim_0932,0.7531370496
D:/GENE_simulation_AI/DCEC/all_rgb\all\sim_0933_diff.png,sim_0933,0.6974890793
D:/GENE_simulation_AI/DCEC/all_rgb\all\sim_0934_diff.png,sim_0934,0.6708623924
D:/GENE_simulation_AI/DCEC/all_rgb\all\sim_0935_diff.png,sim_0935,0.6058734723
D:/GENE_simulation_AI/DCEC/all_rgb\all\sim_0936_diff.png,sim_0936,0.6144045109
D:/GENE_simulation_AI/DCEC/all_rgb\all\sim_0937_diff.png,sim_0937,0.5159994906
D:/GENE_simulation_AI/DCEC/all_rgb\all\sim_0938_diff.png,sim_0938,0.6883226539
D:/GENE_simulation_AI/DCEC/all_rgb\all\sim_0939_diff.png,sim_0939,0.5736744482
D:/GENE_simulation_AI/DCEC/all_rgb\all\sim_0940_diff.png,sim_0940,0.6523997188
D:/GENE_simulation_AI/DCEC/all_rgb\all\sim_0941_diff.png,sim_0941,0.7201332803
D:/GENE_simulation_AI/DCEC/all_rgb\all\sim_0942_diff.png,sim_0942,0.7157779049
D:/GENE_simulation_AI/DCEC/all_rgb\all\sim_0943_diff.png,sim_0943,0.7297544907
D:/GENE_simulation_AI/DCEC/all_rgb\all\sim_0944_diff.png,sim_0944,0.7068913380
D:/GENE_simulation_AI/DCEC/all_rgb\all\sim_0945_diff.png,sim_0945,0.7400533335
D:/GENE_simulation_AI/DCEC/all_rgb\all\sim_0946_diff.png,sim_0946,0.7056099791
D:/GENE_simulation_AI/DCEC/all_rgb\all\sim_0947_diff.png,sim_0947,0.6141586939
D:/GENE_simulation_AI/DCEC/all_rgb\all\sim_0948_diff.png,sim_0948,0.4247149412
D:/GENE_simulation_AI/DCEC/all_rgb\all\sim_0949_diff.png,sim_0949,0.1952605666
D:/GENE_simulation_AI/DCEC/all_rgb\all\sim_0950_diff.png,sim_0950,0.7114489868
D:/GENE_simulation_AI/DCEC/all_rgb\all\sim_0951_diff.png,sim_0951,0.5928803766
D:/GENE_simulation_AI/DCEC/all_rgb\all\sim_0952_diff.png,sim_0952,0.5576518538
D:/GENE_simulation_AI/DCEC/all_rgb\all\sim_0953_diff.png,sim_0953,0.6991762596
D:/GENE_simulation_AI/DCEC/all_rgb\all\sim_0954_diff.png,sim_0954,0.6743626328
D:/GENE_simulation_AI/DCEC/all_rgb\all\sim_0955_diff.png,sim_0955,0.6450168082
D:/GENE_simulation_AI/DCEC/all_rgb\all\sim_0956_diff.png,sim_0956,0.5975319530
D:/GENE_simulation_AI/DCEC/all_rgb\all\sim_0957_diff.png,sim_0957,0.4903956627
D:/GENE_simulation_AI/DCEC/all_rgb\all\sim_0958_diff.png,sim_0958,0.2746414762
D:/GENE_simulation_AI/DCEC/all_rgb\all\sim_0959_diff.png,sim_0959,0.7278996297
D:/GENE_simulation_AI/DCEC/all_rgb\all\sim_0960_diff.png,sim_0960,0.6962374445
D:/GENE_simulation_AI/DCEC/all_rgb\all\sim_0961_diff.png,sim_0961,0.6973484991
D:/GENE_simulation_AI/DCEC/all_rgb\all\sim_0962_diff.png,sim_0962,0.6998112799
D:/GENE_simulation_AI/DCEC/all_rgb\all\sim_0963_diff.png,sim_0963,0.6532777575
D:/GENE_simulation_AI/DCEC/all_rgb\all\sim_0964_diff.png,sim_0964,0.6168991660
D:/GENE_simulation_AI/DCEC/all_rgb\all\sim_0965_diff.png,sim_0965,0.6510165105
D:/GENE_simulation_AI/DCEC/all_rgb\all\sim_0966_diff.png,sim_0966,0.6821688225
D:/GENE_simulation_AI/DCEC/all_rgb\all\sim_0967_diff.png,sim_0967,0.7155049840
D:/GENE_simulation_AI/DCEC/all_rgb\all\sim_0968_diff.png,sim_0968,0.7193139970
D:/GENE_simulation_AI/DCEC/all_rgb\all\sim_0969_diff.png,sim_0969,0.4833390304
D:/GENE_simulation_AI/DCEC/all_rgb\all\sim_0970_diff.png,sim_0970,0.6628284446
D:/GENE_simulation_AI/DCEC/all_rgb\all\sim_0971_diff.png,sim_0971,0.7053656665
D:/GENE_simulation_AI/DCEC/all_rgb\all\sim_0972_diff.png,sim_0972,0.6982003997
D:/GENE_simulation_AI/DCEC/all_rgb\all\sim_0973_diff.png,sim_0973,0.6696674887
D:/GENE_simulation_AI/DCEC/all_rgb\all\sim_0974_diff.png,sim_0974,0.7005625047
D:/GENE_simulation_AI/DCEC/all_rgb\all\sim_0975_diff.png,sim_0975,0.7155341534
D:/GENE_simulation_AI/DCEC/all_rgb\all\sim_0976_diff.png,sim_0976,0.7272723402
D:/GENE_simulation_AI/DCEC/all_rgb\all\sim_0977_diff.png,sim_0977,0.7365916712
D:/GENE_simulation_AI/DCEC/all_rgb\all\sim_0978_diff.png,sim_0978,0.7521347704
D:/GENE_simulation_AI/DCEC/all_rgb\all\sim_0979_diff.png,sim_0979,0.7491938511
D:/GENE_simulation_AI/DCEC/all_rgb\all\sim_0980_diff.png,sim_0980,0.6562277317
D:/GENE_simulation_AI/DCEC/all_rgb\all\sim_0981_diff.png,sim_0981,0.7009061038
D:/GENE_simulation_AI/DCEC/all_rgb\all\sim_0982_diff.png,sim_0982,0.7016874375
D:/GENE_simulation_AI/DCEC/all_rgb\all\sim_0983_diff.png,sim_0983,0.6961818148
D:/GENE_simulation_AI/DCEC/all_rgb\all\sim_0984_diff.png,sim_0984,0.7229077937
D:/GENE_simulation_AI/DCEC/all_rgb\all\sim_0985_diff.png,sim_0985,0.7081557486
D:/GENE_simulation_AI/DCEC/all_rgb\all\sim_0986_diff.png,sim_0986,0.6528820311
D:/GENE_simulation_AI/DCEC/all_rgb\all\sim_0987_diff.png,sim_0987,0.7219371541
D:/GENE_simulation_AI/DCEC/all_rgb\all\sim_0988_diff.png,sim_0988,0.6919094546
D:/GENE_simulation_AI/DCEC/all_rgb\all\sim_0989_diff.png,sim_0989,0.6784845679
D:/GENE_simulation_AI/DCEC/all_rgb\all\sim_0990_diff.png,sim_0990,0.7021171517
D:/GENE_simulation_AI/DCEC/all_rgb\all\sim_0991_diff.png,sim_0991,0.6854695102
D:/GENE_simulation_AI/DCEC/all_rgb\all\sim_0992_diff.png,sim_0992,0.7106246713
D:/GENE_simulation_AI/DCEC/all_rgb\all\sim_0993_diff.png,sim_0993,0.6706224597
D:/GENE_simulation_AI/DCEC/all_rgb\all\sim_0994_diff.png,sim_0994,0.6870631397
D:/GENE_simulation_AI/DCEC/all_rgb\all\sim_0995_diff.png,sim_0995,0.7101824291
D:/GENE_simulation_AI/DCEC/all_rgb\all\sim_0996_diff.png,sim_0996,0.7046718249
D:/GENE_simulation_AI/DCEC/all_rgb\all\sim_0997_diff.png,sim_0997,0.7395031588
D:/GENE_simulation_AI/DCEC/all_rgb\all\sim_0998_diff.png,sim_0998,0.5942153827
D:/GENE_simulation_AI/DCEC/all_rgb\all\sim_0999_diff.png,sim_0999,0.5850238329
D:/GENE_simulation_AI/DCEC/all_rgb\all\sim_1000_diff.png,sim_1000,0.6890310272
D:/GENE_simulation_AI/DCEC/all_rgb\all\sim_1001_diff.png,sim_1001,0.6788679570
D:/GENE_simulation_AI/DCEC/all_rgb\all\sim_1002_diff.png,sim_1002,0.6468660852
D:/GENE_simulation_AI/DCEC/all_rgb\all\sim_1003_diff.png,sim_1003,0.6155892188
D:/GENE_simulation_AI/DCEC/all_rgb\all\sim_1004_diff.png,sim_1004,0.3751446292
D:/GENE_simulation_AI/DCEC/all_rgb\all\sim_1005_diff.png,sim_1005,0.4530367347
D:/GENE_simulation_AI/DCEC/all_rgb\all\sim_1006_diff.png,sim_1006,0.6482651986
D:/GENE_simulation_AI/DCEC/all_rgb\all\sim_1007_diff.png,sim_1007,0.7292738072
D:/GENE_simulation_AI/DCEC/all_rgb\all\sim_1008_diff.png,sim_1008,0.2655029943
D:/GENE_simulation_AI/DCEC/all_rgb\all\sim_1009_diff.png,sim_1009,0.6865678294
D:/GENE_simulation_AI/DCEC/all_rgb\all\sim_1010_diff.png,sim_1010,0.6852711215
D:/GENE_simulation_AI/DCEC/all_rgb\all\sim_1011_diff.png,sim_1011,0.7411872252
D:/GENE_simulation_AI/DCEC/all_rgb\all\sim_1012_diff.png,sim_1012,0.7339682295
D:/GENE_simulation_AI/DCEC/all_rgb\all\sim_1013_diff.png,sim_1013,0.7006161435
D:/GENE_simulation_AI/DCEC/all_rgb\all\sim_1014_diff.png,sim_1014,0.6918901710
D:/GENE_simulation_AI/DCEC/all_rgb\all\sim_1015_diff.png,sim_1015,0.5621931132
D:/GENE_simulation_AI/DCEC/all_rgb\all\sim_1016_diff.png,sim_1016,0.6369799354
D:/GENE_simulation_AI/DCEC/all_rgb\all\sim_1017_diff.png,sim_1017,0.6745406026
D:/GENE_simulation_AI/DCEC/all_rgb\all\sim_1018_diff.png,sim_1018,0.4521448343
D:/GENE_simulation_AI/DCEC/all_rgb\all\sim_1019_diff.png,sim_1019,0.6524872090
D:/GENE_simulation_AI/DCEC/all_rgb\all\sim_1020_diff.png,sim_1020,0.6693204944
D:/GENE_simulation_AI/DCEC/all_rgb\all\sim_1021_diff.png,sim_1021,0.6811878891
D:/GENE_simulation_AI/DCEC/all_rgb\all\sim_1022_diff.png,sim_1022,0.7255969914
D:/GENE_simulation_AI/DCEC/all_rgb\all\sim_1023_diff.png,sim_1023,0.7188218406
D:/GENE_simulation_AI/DCEC/all_rgb\all\sim_1024_diff.png,sim_1024,0.7143015202
D:/GENE_simulation_AI/DCEC/all_rgb\all\sim_1025_diff.png,sim_1025,0.7366850338
D:/GENE_simulation_AI/DCEC/all_rgb\all\sim_1026_diff.png,sim_1026,0.7079683041
D:/GENE_simulation_AI/DCEC/all_rgb\all\sim_1027_diff.png,sim_1027,0.6456134769
D:/GENE_simulation_AI/DCEC/all_rgb\all\sim_1028_diff.png,sim_1028,0.5031156102
D:/GENE_simulation_AI/DCEC/all_rgb\all\sim_1029_diff.png,sim_1029,0.2355435183
D:/GENE_simulation_AI/DCEC/all_rgb\all\sim_1030_diff.png,sim_1030,0.6875925109
D:/GENE_simulation_AI/DCEC/all_rgb\all\sim_1031_diff.png,sim_1031,0.5777596580
D:/GENE_simulation_AI/DCEC/all_rgb\all\sim_1032_diff.png,sim_1032,0.5679091286
D:/GENE_simulation_AI/DCEC/all_rgb\all\sim_1033_diff.png,sim_1033,0.6904194659
D:/GENE_simulation_AI/DCEC/all_rgb\all\sim_1034_diff.png,sim_1034,0.6719039600
D:/GENE_simulation_AI/DCEC/all_rgb\all\sim_1035_diff.png,sim_1035,0.6191679651
D:/GENE_simulation_AI/DCEC/all_rgb\all\sim_1036_diff.png,sim_1036,0.5740538586
D:/GENE_simulation_AI/DCEC/all_rgb\all\sim_1037_diff.png,sim_1037,0.4597221370
D:/GENE_simulation_AI/DCEC/all_rgb\all\sim_1038_diff.png,sim_1038,0.2531369516
D:/GENE_simulation_AI/DCEC/all_rgb\all\sim_1039_diff.png,sim_1039,0.1100408884
D:/GENE_simulation_AI/DCEC/all_rgb\all\sim_1040_diff.png,sim_1040,0.7117766373
D:/GENE_simulation_AI/DCEC/all_rgb\all\sim_1041_diff.png,sim_1041,0.5774118651
D:/GENE_simulation_AI/DCEC/all_rgb\all\sim_1042_diff.png,sim_1042,0.5060753769
D:/GENE_simulation_AI/DCEC/all_rgb\all\sim_1043_diff.png,sim_1043,0.5180049664
D:/GENE_simulation_AI/DCEC/all_rgb\all\sim_1044_diff.png,sim_1044,0.5262239770
D:/GENE_simulation_AI/DCEC/all_rgb\all\sim_1045_diff.png,sim_1045,0.6148272676
D:/GENE_simulation_AI/DCEC/all_rgb\all\sim_1046_diff.png,sim_1046,0.6737690987
D:/GENE_simulation_AI/DCEC/all_rgb\all\sim_1047_diff.png,sim_1047,0.6909523521
D:/GENE_simulation_AI/DCEC/all_rgb\all\sim_1048_diff.png,sim_1048,0.7043952314
D:/GENE_simulation_AI/DCEC/all_rgb\all\sim_1049_diff.png,sim_1049,0.5974968209
D:/GENE_simulation_AI/DCEC/all_rgb\all\sim_1050_diff.png,sim_1050,0.7254048120
D:/GENE_simulation_AI/DCEC/all_rgb\all\sim_1051_diff.png,sim_1051,0.6534407374
D:/GENE_simulation_AI/DCEC/all_rgb\all\sim_1052_diff.png,sim_1052,0.6541638282
D:/GENE_simulation_AI/DCEC/all_rgb\all\sim_1053_diff.png,sim_1053,0.6261041915
D:/GENE_simulation_AI/DCEC/all_rgb\all\sim_1054_diff.png,sim_1054,0.6405700105
D:/GENE_simulation_AI/DCEC/all_rgb\all\sim_1055_diff.png,sim_1055,0.6852726852
D:/GENE_simulation_AI/DCEC/all_rgb\all\sim_1056_diff.png,sim_1056,0.6927322422
D:/GENE_simulation_AI/DCEC/all_rgb\all\sim_1057_diff.png,sim_1057,0.6976426501
D:/GENE_simulation_AI/DCEC/all_rgb\all\sim_1058_diff.png,sim_1058,0.7144367120
D:/GENE_simulation_AI/DCEC/all_rgb\all\sim_1059_diff.png,sim_1059,0.7084612998
D:/GENE_simulation_AI/DCEC/all_rgb\all\sim_1060_diff.png,sim_1060,0.7263566288
D:/GENE_simulation_AI/DCEC/all_rgb\all\sim_1061_diff.png,sim_1061,0.7506740500
D:/GENE_simulation_AI/DCEC/all_rgb\all\sim_1062_diff.png,sim_1062,0.7194603244
D:/GENE_simulation_AI/DCEC/all_rgb\all\sim_1063_diff.png,sim_1063,0.6892203663
D:/GENE_simulation_AI/DCEC/all_rgb\all\sim_1064_diff.png,sim_1064,0.6586149251
D:/GENE_simulation_AI/DCEC/all_rgb\all\sim_1065_diff.png,sim_1065,0.6653253376
D:/GENE_simulation_AI/DCEC/all_rgb\all\sim_1066_diff.png,sim_1066,0.7231916565
D:/GENE_simulation_AI/DCEC/all_rgb\all\sim_1067_diff.png,sim_1067,0.7166510053
D:/GENE_simulation_AI/DCEC/all_rgb\all\sim_1068_diff.png,sim_1068,0.6775595912
D:/GENE_simulation_AI/DCEC/all_rgb\all\sim_1069_diff.png,sim_1069,0.6524960092
D:/GENE_simulation_AI/DCEC/all_rgb\all\sim_1070_diff.png,sim_1070,0.7217312252
D:/GENE_simulation_AI/DCEC/all_rgb\all\sim_1071_diff.png,sim_1071,0.7333613781
D:/GENE_simulation_AI/DCEC/all_rgb\all\sim_1072_diff.png,sim_1072,0.6265130950
D:/GENE_simulation_AI/DCEC/all_rgb\all\sim_1073_diff.png,sim_1073,0.5905873521
D:/GENE_simulation_AI/DCEC/all_rgb\all\sim_1074_diff.png,sim_1074,0.5692458436
D:/GENE_simulation_AI/DCEC/all_rgb\all\sim_1075_diff.png,sim_1075,0.6706603065
D:/GENE_simulation_AI/DCEC/all_rgb\all\sim_1076_diff.png,sim_1076,0.6559079057
D:/GENE_simulation_AI/DCEC/all_rgb\all\sim_1077_diff.png,sim_1077,0.6295606777
D:/GENE_simulation_AI/DCEC/all_rgb\all\sim_1078_diff.png,sim_1078,0.6761400926
D:/GENE_simulation_AI/DCEC/all_rgb\all\sim_1079_diff.png,sim_1079,0.6993692984
D:/GENE_simulation_AI/DCEC/all_rgb\all\sim_1080_diff.png,sim_1080,0.6724569418
D:/GENE_simulation_AI/DCEC/all_rgb\all\sim_1081_diff.png,sim_1081,0.7362844429
D:/GENE_simulation_AI/DCEC/all_rgb\all\sim_1082_diff.png,sim_1082,0.7470540002
D:/GENE_simulation_AI/DCEC/all_rgb\all\sim_1083_diff.png,sim_1083,0.7423793878
D:/GENE_simulation_AI/DCEC/all_rgb\all\sim_1084_diff.png,sim_1084,0.6895624204
D:/GENE_simulation_AI/DCEC/all_rgb\all\sim_1085_diff.png,sim_1085,0.7469012085
D:/GENE_simulation_AI/DCEC/all_rgb\all\sim_1086_diff.png,sim_1086,0.6883884825
D:/GENE_simulation_AI/DCEC/all_rgb\all\sim_1087_diff.png,sim_1087,0.6947290772
D:/GENE_simulation_AI/DCEC/all_rgb\all\sim_1088_diff.png,sim_1088,0.7073881956
D:/GENE_simulation_AI/DCEC/all_rgb\all\sim_1089_diff.png,sim_1089,0.7241570339
D:/GENE_simulation_AI/DCEC/all_rgb\all\sim_1090_diff.png,sim_1090,0.7305462230
D:/GENE_simulation_AI/DCEC/all_rgb\all\sim_1091_diff.png,sim_1091,0.1312470891
D:/GENE_simulation_AI/DCEC/all_rgb\all\sim_1092_diff.png,sim_1092,0.6806945399
D:/GENE_simulation_AI/DCEC/all_rgb\all\sim_1093_diff.png,sim_1093,0.6793096593
D:/GENE_simulation_AI/DCEC/all_rgb\all\sim_1094_diff.png,sim_1094,0.6738593723
D:/GENE_simulation_AI/DCEC/all_rgb\all\sim_1095_diff.png,sim_1095,0.5840814826
D:/GENE_simulation_AI/DCEC/all_rgb\all\sim_1096_diff.png,sim_1096,0.6367771584
D:/GENE_simulation_AI/DCEC/all_rgb\all\sim_1097_diff.png,sim_1097,0.5270365366
D:/GENE_simulation_AI/DCEC/all_rgb\all\sim_1098_diff.png,sim_1098,0.6791459832
D:/GENE_simulation_AI/DCEC/all_rgb\all\sim_1099_diff.png,sim_1099,0.6348166933
D:/GENE_simulation_AI/DCEC/all_rgb\all\sim_1100_diff.png,sim_1100,0.7064978226
D:/GENE_simulation_AI/DCEC/all_rgb\all\sim_1101_diff.png,sim_1101,0.6938836457
D:/GENE_simulation_AI/DCEC/all_rgb\all\sim_1102_diff.png,sim_1102,0.7128297057
D:/GENE_simulation_AI/DCEC/all_rgb\all\sim_1103_diff.png,sim_1103,0.6754809717
D:/GENE_simulation_AI/DCEC/all_rgb\all\sim_1104_diff.png,sim_1104,0.7044025790
D:/GENE_simulation_AI/DCEC/all_rgb\all\sim_1105_diff.png,sim_1105,0.7327147375
D:/GENE_simulation_AI/DCEC/all_rgb\all\sim_1106_diff.png,sim_1106,0.7022646451
D:/GENE_simulation_AI/DCEC/all_rgb\all\sim_1107_diff.png,sim_1107,0.6219321071
D:/GENE_simulation_AI/DCEC/all_rgb\all\sim_1108_diff.png,sim_1108,0.5024413215
D:/GENE_simulation_AI/DCEC/all_rgb\all\sim_1109_diff.png,sim_1109,0.1975356853
D:/GENE_simulation_AI/DCEC/all_rgb\all\sim_1110_diff.png,sim_1110,0.6428385306
D:/GENE_simulation_AI/DCEC/all_rgb\all\sim_1111_diff.png,sim_1111,0.7375841625
D:/GENE_simulation_AI/DCEC/all_rgb\all\sim_1112_diff.png,sim_1112,0.7574668992
D:/GENE_simulation_AI/DCEC/all_rgb\all\sim_1113_diff.png,sim_1113,0.6779417118
D:/GENE_simulation_AI/DCEC/all_rgb\all\sim_1114_diff.png,sim_1114,0.6607866438
D:/GENE_simulation_AI/DCEC/all_rgb\all\sim_1115_diff.png,sim_1115,0.5812324093
D:/GENE_simulation_AI/DCEC/all_rgb\all\sim_1116_diff.png,sim_1116,0.5987923980
D:/GENE_simulation_AI/DCEC/all_rgb\all\sim_1117_diff.png,sim_1117,0.4459595523
D:/GENE_simulation_AI/DCEC/all_rgb\all\sim_1118_diff.png,sim_1118,0.2367170628
D:/GENE_simulation_AI/DCEC/all_rgb\all\sim_1119_diff.png,sim_1119,0.4728555146
