file_path,folder_label,cluster
D:/GENE_simulation_AI/DCEC/all_rgb\all\sim_0000_diff.png,all,5
D:/GENE_simulation_AI/DCEC/all_rgb\all\sim_0001_diff.png,all,5
D:/GENE_simulation_AI/DCEC/all_rgb\all\sim_0002_diff.png,all,5
D:/GENE_simulation_AI/DCEC/all_rgb\all\sim_0003_diff.png,all,5
D:/GENE_simulation_AI/DCEC/all_rgb\all\sim_0004_diff.png,all,3
D:/GENE_simulation_AI/DCEC/all_rgb\all\sim_0005_diff.png,all,3
D:/GENE_simulation_AI/DCEC/all_rgb\all\sim_0006_diff.png,all,5
D:/GENE_simulation_AI/DCEC/all_rgb\all\sim_0007_diff.png,all,5
D:/GENE_simulation_AI/DCEC/all_rgb\all\sim_0008_diff.png,all,5
D:/GENE_simulation_AI/DCEC/all_rgb\all\sim_0009_diff.png,all,5
D:/GENE_simulation_AI/DCEC/all_rgb\all\sim_0010_diff.png,all,3
D:/GENE_simulation_AI/DCEC/all_rgb\all\sim_0011_diff.png,all,3
D:/GENE_simulation_AI/DCEC/all_rgb\all\sim_0012_diff.png,all,3
D:/GENE_simulation_AI/DCEC/all_rgb\all\sim_0013_diff.png,all,3
D:/GENE_simulation_AI/DCEC/all_rgb\all\sim_0014_diff.png,all,3
D:/GENE_simulation_AI/DCEC/all_rgb\all\sim_0015_diff.png,all,3
D:/GENE_simulation_AI/DCEC/all_rgb\all\sim_0016_diff.png,all,3
D:/GENE_simulation_AI/DCEC/all_rgb\all\sim_0017_diff.png,all,3
D:/GENE_simulation_AI/DCEC/all_rgb\all\sim_0018_diff.png,all,3
D:/GENE_simulation_AI/DCEC/all_rgb\all\sim_0019_diff.png,all,3
D:/GENE_simulation_AI/DCEC/all_rgb\all\sim_0020_diff.png,all,2
D:/GENE_simulation_AI/DCEC/all_rgb\all\sim_0021_diff.png,all,3
D:/GENE_simulation_AI/DCEC/all_rgb\all\sim_0022_diff.png,all,3
D:/GENE_simulation_AI/DCEC/all_rgb\all\sim_0023_diff.png,all,3
D:/GENE_simulation_AI/DCEC/all_rgb\all\sim_0024_diff.png,all,3
D:/GENE_simulation_AI/DCEC/all_rgb\all\sim_0025_diff.png,all,3
D:/GENE_simulation_AI/DCEC/all_rgb\all\sim_0026_diff.png,all,3
D:/GENE_simulation_AI/DCEC/all_rgb\all\sim_0027_diff.png,all,3
D:/GENE_simulation_AI/DCEC/all_rgb\all\sim_0028_diff.png,all,3
D:/GENE_simulation_AI/DCEC/all_rgb\all\sim_0029_diff.png,all,4
D:/GENE_simulation_AI/DCEC/all_rgb\all\sim_0030_diff.png,all,2
D:/GENE_simulation_AI/DCEC/all_rgb\all\sim_0031_diff.png,all,2
D:/GENE_simulation_AI/DCEC/all_rgb\all\sim_0032_diff.png,all,7
D:/GENE_simulation_AI/DCEC/all_rgb\all\sim_0033_diff.png,all,2
D:/GENE_simulation_AI/DCEC/all_rgb\all\sim_0034_diff.png,all,2
D:/GENE_simulation_AI/DCEC/all_rgb\all\sim_0035_diff.png,all,4
D:/GENE_simulation_AI/DCEC/all_rgb\all\sim_0036_diff.png,all,4
D:/GENE_simulation_AI/DCEC/all_rgb\all\sim_0037_diff.png,all,4
D:/GENE_simulation_AI/DCEC/all_rgb\all\sim_0038_diff.png,all,4
D:/GENE_simulation_AI/DCEC/all_rgb\all\sim_0039_diff.png,all,4
D:/GENE_simulation_AI/DCEC/all_rgb\all\sim_0040_diff.png,all,2
D:/GENE_simulation_AI/DCEC/all_rgb\all\sim_0041_diff.png,all,7
D:/GENE_simulation_AI/DCEC/all_rgb\all\sim_0042_diff.png,all,2
D:/GENE_simulation_AI/DCEC/all_rgb\all\sim_0043_diff.png,all,2
D:/GENE_simulation_AI/DCEC/all_rgb\all\sim_0044_diff.png,all,1
D:/GENE_simulation_AI/DCEC/all_rgb\all\sim_0045_diff.png,all,4
D:/GENE_simulation_AI/DCEC/all_rgb\all\sim_0046_diff.png,all,4
D:/GENE_simulation_AI/DCEC/all_rgb\all\sim_0047_diff.png,all,4
D:/GENE_simulation_AI/DCEC/all_rgb\all\sim_0048_diff.png,all,4
D:/GENE_simulation_AI/DCEC/all_rgb\all\sim_0049_diff.png,all,4
D:/GENE_simulation_AI/DCEC/all_rgb\all\sim_0050_diff.png,all,7
D:/GENE_simulation_AI/DCEC/all_rgb\all\sim_0051_diff.png,all,4
D:/GENE_simulation_AI/DCEC/all_rgb\all\sim_0052_diff.png,all,4
D:/GENE_simulation_AI/DCEC/all_rgb\all\sim_0053_diff.png,all,1
D:/GENE_simulation_AI/DCEC/all_rgb\all\sim_0054_diff.png,all,1
D:/GENE_simulation_AI/DCEC/all_rgb\all\sim_0055_diff.png,all,1
D:/GENE_simulation_AI/DCEC/all_rgb\all\sim_0056_diff.png,all,7
D:/GENE_simulation_AI/DCEC/all_rgb\all\sim_0057_diff.png,all,0
D:/GENE_simulation_AI/DCEC/all_rgb\all\sim_0058_diff.png,all,0
D:/GENE_simulation_AI/DCEC/all_rgb\all\sim_0059_diff.png,all,0
D:/GENE_simulation_AI/DCEC/all_rgb\all\sim_0060_diff.png,all,1
D:/GENE_simulation_AI/DCEC/all_rgb\all\sim_0061_diff.png,all,1
D:/GENE_simulation_AI/DCEC/all_rgb\all\sim_0062_diff.png,all,1
D:/GENE_simulation_AI/DCEC/all_rgb\all\sim_0063_diff.png,all,1
D:/GENE_simulation_AI/DCEC/all_rgb\all\sim_0064_diff.png,all,1
D:/GENE_simulation_AI/DCEC/all_rgb\all\sim_0065_diff.png,all,1
D:/GENE_simulation_AI/DCEC/all_rgb\all\sim_0066_diff.png,all,1
D:/GENE_simulation_AI/DCEC/all_rgb\all\sim_0067_diff.png,all,1
D:/GENE_simulation_AI/DCEC/all_rgb\all\sim_0068_diff.png,all,0
D:/GENE_simulation_AI/DCEC/all_rgb\all\sim_0069_diff.png,all,0
D:/GENE_simulation_AI/DCEC/all_rgb\all\sim_0070_diff.png,all,1
D:/GENE_simulation_AI/DCEC/all_rgb\all\sim_0071_diff.png,all,1
D:/GENE_simulation_AI/DCEC/all_rgb\all\sim_0072_diff.png,all,1
D:/GENE_simulation_AI/DCEC/all_rgb\all\sim_0073_diff.png,all,1
D:/GENE_simulation_AI/DCEC/all_rgb\all\sim_0074_diff.png,all,1
D:/GENE_simulation_AI/DCEC/all_rgb\all\sim_0075_diff.png,all,1
D:/GENE_simulation_AI/DCEC/all_rgb\all\sim_0076_diff.png,all,1
D:/GENE_simulation_AI/DCEC/all_rgb\all\sim_0077_diff.png,all,1
D:/GENE_simulation_AI/DCEC/all_rgb\all\sim_0078_diff.png,all,1
D:/GENE_simulation_AI/DCEC/all_rgb\all\sim_0079_diff.png,all,1
D:/GENE_simulation_AI/DCEC/all_rgb\all\sim_0080_diff.png,all,5
D:/GENE_simulation_AI/DCEC/all_rgb\all\sim_0081_diff.png,all,5
D:/GENE_simulation_AI/DCEC/all_rgb\all\sim_0082_diff.png,all,5
D:/GENE_simulation_AI/DCEC/all_rgb\all\sim_0083_diff.png,all,5
D:/GENE_simulation_AI/DCEC/all_rgb\all\sim_0084_diff.png,all,3
D:/GENE_simulation_AI/DCEC/all_rgb\all\sim_0085_diff.png,all,3
D:/GENE_simulation_AI/DCEC/all_rgb\all\sim_0086_diff.png,all,5
D:/GENE_simulation_AI/DCEC/all_rgb\all\sim_0087_diff.png,all,5
D:/GENE_simulation_AI/DCEC/all_rgb\all\sim_0088_diff.png,all,5
D:/GENE_simulation_AI/DCEC/all_rgb\all\sim_0089_diff.png,all,5
D:/GENE_simulation_AI/DCEC/all_rgb\all\sim_0090_diff.png,all,3
D:/GENE_simulation_AI/DCEC/all_rgb\all\sim_0091_diff.png,all,3
D:/GENE_simulation_AI/DCEC/all_rgb\all\sim_0092_diff.png,all,3
D:/GENE_simulation_AI/DCEC/all_rgb\all\sim_0093_diff.png,all,3
D:/GENE_simulation_AI/DCEC/all_rgb\all\sim_0094_diff.png,all,3
D:/GENE_simulation_AI/DCEC/all_rgb\all\sim_0095_diff.png,all,3
D:/GENE_simulation_AI/DCEC/all_rgb\all\sim_0096_diff.png,all,3
D:/GENE_simulation_AI/DCEC/all_rgb\all\sim_0097_diff.png,all,3
D:/GENE_simulation_AI/DCEC/all_rgb\all\sim_0098_diff.png,all,3
D:/GENE_simulation_AI/DCEC/all_rgb\all\sim_0099_diff.png,all,3
D:/GENE_simulation_AI/DCEC/all_rgb\all\sim_0100_diff.png,all,2
D:/GENE_simulation_AI/DCEC/all_rgb\all\sim_0101_diff.png,all,3
D:/GENE_simulation_AI/DCEC/all_rgb\all\sim_0102_diff.png,all,3
D:/GENE_simulation_AI/DCEC/all_rgb\all\sim_0103_diff.png,all,3
D:/GENE_simulation_AI/DCEC/all_rgb\all\sim_0104_diff.png,all,3
D:/GENE_simulation_AI/DCEC/all_rgb\all\sim_0105_diff.png,all,3
D:/GENE_simulation_AI/DCEC/all_rgb\all\sim_0106_diff.png,all,3
D:/GENE_simulation_AI/DCEC/all_rgb\all\sim_0107_diff.png,all,3
D:/GENE_simulation_AI/DCEC/all_rgb\all\sim_0108_diff.png,all,3
D:/GENE_simulation_AI/DCEC/all_rgb\all\sim_0109_diff.png,all,4
D:/GENE_simulation_AI/DCEC/all_rgb\all\sim_0110_diff.png,all,2
D:/GENE_simulation_AI/DCEC/all_rgb\all\sim_0111_diff.png,all,2
D:/GENE_simulation_AI/DCEC/all_rgb\all\sim_0112_diff.png,all,7
D:/GENE_simulation_AI/DCEC/all_rgb\all\sim_0113_diff.png,all,2
D:/GENE_simulation_AI/DCEC/all_rgb\all\sim_0114_diff.png,all,2
D:/GENE_simulation_AI/DCEC/all_rgb\all\sim_0115_diff.png,all,2
D:/GENE_simulation_AI/DCEC/all_rgb\all\sim_0116_diff.png,all,2
D:/GENE_simulation_AI/DCEC/all_rgb\all\sim_0117_diff.png,all,7
D:/GENE_simulation_AI/DCEC/all_rgb\all\sim_0118_diff.png,all,7
D:/GENE_simulation_AI/DCEC/all_rgb\all\sim_0119_diff.png,all,7
D:/GENE_simulation_AI/DCEC/all_rgb\all\sim_0120_diff.png,all,2
D:/GENE_simulation_AI/DCEC/all_rgb\all\sim_0121_diff.png,all,7
D:/GENE_simulation_AI/DCEC/all_rgb\all\sim_0122_diff.png,all,2
D:/GENE_simulation_AI/DCEC/all_rgb\all\sim_0123_diff.png,all,2
D:/GENE_simulation_AI/DCEC/all_rgb\all\sim_0124_diff.png,all,2
D:/GENE_simulation_AI/DCEC/all_rgb\all\sim_0125_diff.png,all,2
D:/GENE_simulation_AI/DCEC/all_rgb\all\sim_0126_diff.png,all,7
D:/GENE_simulation_AI/DCEC/all_rgb\all\sim_0127_diff.png,all,4
D:/GENE_simulation_AI/DCEC/all_rgb\all\sim_0128_diff.png,all,7
D:/GENE_simulation_AI/DCEC/all_rgb\all\sim_0129_diff.png,all,7
D:/GENE_simulation_AI/DCEC/all_rgb\all\sim_0130_diff.png,all,7
D:/GENE_simulation_AI/DCEC/all_rgb\all\sim_0131_diff.png,all,4
D:/GENE_simulation_AI/DCEC/all_rgb\all\sim_0132_diff.png,all,2
D:/GENE_simulation_AI/DCEC/all_rgb\all\sim_0133_diff.png,all,1
D:/GENE_simulation_AI/DCEC/all_rgb\all\sim_0134_diff.png,all,4
D:/GENE_simulation_AI/DCEC/all_rgb\all\sim_0135_diff.png,all,4
D:/GENE_simulation_AI/DCEC/all_rgb\all\sim_0136_diff.png,all,4
D:/GENE_simulation_AI/DCEC/all_rgb\all\sim_0137_diff.png,all,7
D:/GENE_simulation_AI/DCEC/all_rgb\all\sim_0138_diff.png,all,0
D:/GENE_simulation_AI/DCEC/all_rgb\all\sim_0139_diff.png,all,0
D:/GENE_simulation_AI/DCEC/all_rgb\all\sim_0140_diff.png,all,1
D:/GENE_simulation_AI/DCEC/all_rgb\all\sim_0141_diff.png,all,1
D:/GENE_simulation_AI/DCEC/all_rgb\all\sim_0142_diff.png,all,1
D:/GENE_simulation_AI/DCEC/all_rgb\all\sim_0143_diff.png,all,1
D:/GENE_simulation_AI/DCEC/all_rgb\all\sim_0144_diff.png,all,1
D:/GENE_simulation_AI/DCEC/all_rgb\all\sim_0145_diff.png,all,1
D:/GENE_simulation_AI/DCEC/all_rgb\all\sim_0146_diff.png,all,1
D:/GENE_simulation_AI/DCEC/all_rgb\all\sim_0147_diff.png,all,1
D:/GENE_simulation_AI/DCEC/all_rgb\all\sim_0148_diff.png,all,0
D:/GENE_simulation_AI/DCEC/all_rgb\all\sim_0149_diff.png,all,0
D:/GENE_simulation_AI/DCEC/all_rgb\all\sim_0150_diff.png,all,1
D:/GENE_simulation_AI/DCEC/all_rgb\all\sim_0151_diff.png,all,1
D:/GENE_simulation_AI/DCEC/all_rgb\all\sim_0152_diff.png,all,1
D:/GENE_simulation_AI/DCEC/all_rgb\all\sim_0153_diff.png,all,1
D:/GENE_simulation_AI/DCEC/all_rgb\all\sim_0154_diff.png,all,1
D:/GENE_simulation_AI/DCEC/all_rgb\all\sim_0155_diff.png,all,1
D:/GENE_simulation_AI/DCEC/all_rgb\all\sim_0156_diff.png,all,1
D:/GENE_simulation_AI/DCEC/all_rgb\all\sim_0157_diff.png,all,1
D:/GENE_simulation_AI/DCEC/all_rgb\all\sim_0158_diff.png,all,1
D:/GENE_simulation_AI/DCEC/all_rgb\all\sim_0159_diff.png,all,1
D:/GENE_simulation_AI/DCEC/all_rgb\all\sim_0160_diff.png,all,5
D:/GENE_simulation_AI/DCEC/all_rgb\all\sim_0161_diff.png,all,5
D:/GENE_simulation_AI/DCEC/all_rgb\all\sim_0162_diff.png,all,5
D:/GENE_simulation_AI/DCEC/all_rgb\all\sim_0163_diff.png,all,5
D:/GENE_simulation_AI/DCEC/all_rgb\all\sim_0164_diff.png,all,5
D:/GENE_simulation_AI/DCEC/all_rgb\all\sim_0165_diff.png,all,3
D:/GENE_simulation_AI/DCEC/all_rgb\all\sim_0166_diff.png,all,5
D:/GENE_simulation_AI/DCEC/all_rgb\all\sim_0167_diff.png,all,5
D:/GENE_simulation_AI/DCEC/all_rgb\all\sim_0168_diff.png,all,5
D:/GENE_simulation_AI/DCEC/all_rgb\all\sim_0169_diff.png,all,5
D:/GENE_simulation_AI/DCEC/all_rgb\all\sim_0170_diff.png,all,3
D:/GENE_simulation_AI/DCEC/all_rgb\all\sim_0171_diff.png,all,3
D:/GENE_simulation_AI/DCEC/all_rgb\all\sim_0172_diff.png,all,3
D:/GENE_simulation_AI/DCEC/all_rgb\all\sim_0173_diff.png,all,3
D:/GENE_simulation_AI/DCEC/all_rgb\all\sim_0174_diff.png,all,3
D:/GENE_simulation_AI/DCEC/all_rgb\all\sim_0175_diff.png,all,3
D:/GENE_simulation_AI/DCEC/all_rgb\all\sim_0176_diff.png,all,3
D:/GENE_simulation_AI/DCEC/all_rgb\all\sim_0177_diff.png,all,3
D:/GENE_simulation_AI/DCEC/all_rgb\all\sim_0178_diff.png,all,3
D:/GENE_simulation_AI/DCEC/all_rgb\all\sim_0179_diff.png,all,3
D:/GENE_simulation_AI/DCEC/all_rgb\all\sim_0180_diff.png,all,2
D:/GENE_simulation_AI/DCEC/all_rgb\all\sim_0181_diff.png,all,3
D:/GENE_simulation_AI/DCEC/all_rgb\all\sim_0182_diff.png,all,3
D:/GENE_simulation_AI/DCEC/all_rgb\all\sim_0183_diff.png,all,3
D:/GENE_simulation_AI/DCEC/all_rgb\all\sim_0184_diff.png,all,3
D:/GENE_simulation_AI/DCEC/all_rgb\all\sim_0185_diff.png,all,3
D:/GENE_simulation_AI/DCEC/all_rgb\all\sim_0186_diff.png,all,3
D:/GENE_simulation_AI/DCEC/all_rgb\all\sim_0188_diff.png,all,4
D:/GENE_simulation_AI/DCEC/all_rgb\all\sim_0189_diff.png,all,4
D:/GENE_simulation_AI/DCEC/all_rgb\all\sim_0190_diff.png,all,6
D:/GENE_simulation_AI/DCEC/all_rgb\all\sim_0191_diff.png,all,2
D:/GENE_simulation_AI/DCEC/all_rgb\all\sim_0192_diff.png,all,7
D:/GENE_simulation_AI/DCEC/all_rgb\all\sim_0193_diff.png,all,2
D:/GENE_simulation_AI/DCEC/all_rgb\all\sim_0194_diff.png,all,2
D:/GENE_simulation_AI/DCEC/all_rgb\all\sim_0195_diff.png,all,2
D:/GENE_simulation_AI/DCEC/all_rgb\all\sim_0196_diff.png,all,2
D:/GENE_simulation_AI/DCEC/all_rgb\all\sim_0197_diff.png,all,7
D:/GENE_simulation_AI/DCEC/all_rgb\all\sim_0198_diff.png,all,7
D:/GENE_simulation_AI/DCEC/all_rgb\all\sim_0199_diff.png,all,7
D:/GENE_simulation_AI/DCEC/all_rgb\all\sim_0200_diff.png,all,6
D:/GENE_simulation_AI/DCEC/all_rgb\all\sim_0201_diff.png,all,7
D:/GENE_simulation_AI/DCEC/all_rgb\all\sim_0202_diff.png,all,2
D:/GENE_simulation_AI/DCEC/all_rgb\all\sim_0203_diff.png,all,2
D:/GENE_simulation_AI/DCEC/all_rgb\all\sim_0204_diff.png,all,2
D:/GENE_simulation_AI/DCEC/all_rgb\all\sim_0205_diff.png,all,2
D:/GENE_simulation_AI/DCEC/all_rgb\all\sim_0206_diff.png,all,2
D:/GENE_simulation_AI/DCEC/all_rgb\all\sim_0207_diff.png,all,2
D:/GENE_simulation_AI/DCEC/all_rgb\all\sim_0208_diff.png,all,7
D:/GENE_simulation_AI/DCEC/all_rgb\all\sim_0209_diff.png,all,7
D:/GENE_simulation_AI/DCEC/all_rgb\all\sim_0210_diff.png,all,2
D:/GENE_simulation_AI/DCEC/all_rgb\all\sim_0211_diff.png,all,4
D:/GENE_simulation_AI/DCEC/all_rgb\all\sim_0212_diff.png,all,2
D:/GENE_simulation_AI/DCEC/all_rgb\all\sim_0213_diff.png,all,4
D:/GENE_simulation_AI/DCEC/all_rgb\all\sim_0214_diff.png,all,4
D:/GENE_simulation_AI/DCEC/all_rgb\all\sim_0215_diff.png,all,4
D:/GENE_simulation_AI/DCEC/all_rgb\all\sim_0216_diff.png,all,4
D:/GENE_simulation_AI/DCEC/all_rgb\all\sim_0217_diff.png,all,4
D:/GENE_simulation_AI/DCEC/all_rgb\all\sim_0218_diff.png,all,0
D:/GENE_simulation_AI/DCEC/all_rgb\all\sim_0219_diff.png,all,0
D:/GENE_simulation_AI/DCEC/all_rgb\all\sim_0220_diff.png,all,1
D:/GENE_simulation_AI/DCEC/all_rgb\all\sim_0221_diff.png,all,1
D:/GENE_simulation_AI/DCEC/all_rgb\all\sim_0222_diff.png,all,1
D:/GENE_simulation_AI/DCEC/all_rgb\all\sim_0223_diff.png,all,1
D:/GENE_simulation_AI/DCEC/all_rgb\all\sim_0224_diff.png,all,1
D:/GENE_simulation_AI/DCEC/all_rgb\all\sim_0225_diff.png,all,1
D:/GENE_simulation_AI/DCEC/all_rgb\all\sim_0226_diff.png,all,1
D:/GENE_simulation_AI/DCEC/all_rgb\all\sim_0227_diff.png,all,1
D:/GENE_simulation_AI/DCEC/all_rgb\all\sim_0228_diff.png,all,0
D:/GENE_simulation_AI/DCEC/all_rgb\all\sim_0229_diff.png,all,0
D:/GENE_simulation_AI/DCEC/all_rgb\all\sim_0230_diff.png,all,1
D:/GENE_simulation_AI/DCEC/all_rgb\all\sim_0231_diff.png,all,1
D:/GENE_simulation_AI/DCEC/all_rgb\all\sim_0232_diff.png,all,1
D:/GENE_simulation_AI/DCEC/all_rgb\all\sim_0233_diff.png,all,1
D:/GENE_simulation_AI/DCEC/all_rgb\all\sim_0234_diff.png,all,1
D:/GENE_simulation_AI/DCEC/all_rgb\all\sim_0235_diff.png,all,1
D:/GENE_simulation_AI/DCEC/all_rgb\all\sim_0236_diff.png,all,1
D:/GENE_simulation_AI/DCEC/all_rgb\all\sim_0237_diff.png,all,1
D:/GENE_simulation_AI/DCEC/all_rgb\all\sim_0238_diff.png,all,0
D:/GENE_simulation_AI/DCEC/all_rgb\all\sim_0239_diff.png,all,1
D:/GENE_simulation_AI/DCEC/all_rgb\all\sim_0240_diff.png,all,5
D:/GENE_simulation_AI/DCEC/all_rgb\all\sim_0241_diff.png,all,5
D:/GENE_simulation_AI/DCEC/all_rgb\all\sim_0242_diff.png,all,5
D:/GENE_simulation_AI/DCEC/all_rgb\all\sim_0243_diff.png,all,5
D:/GENE_simulation_AI/DCEC/all_rgb\all\sim_0244_diff.png,all,5
D:/GENE_simulation_AI/DCEC/all_rgb\all\sim_0245_diff.png,all,3
D:/GENE_simulation_AI/DCEC/all_rgb\all\sim_0246_diff.png,all,5
D:/GENE_simulation_AI/DCEC/all_rgb\all\sim_0247_diff.png,all,5
D:/GENE_simulation_AI/DCEC/all_rgb\all\sim_0248_diff.png,all,5
D:/GENE_simulation_AI/DCEC/all_rgb\all\sim_0249_diff.png,all,5
D:/GENE_simulation_AI/DCEC/all_rgb\all\sim_0250_diff.png,all,3
D:/GENE_simulation_AI/DCEC/all_rgb\all\sim_0251_diff.png,all,3
D:/GENE_simulation_AI/DCEC/all_rgb\all\sim_0252_diff.png,all,3
D:/GENE_simulation_AI/DCEC/all_rgb\all\sim_0253_diff.png,all,3
D:/GENE_simulation_AI/DCEC/all_rgb\all\sim_0254_diff.png,all,3
D:/GENE_simulation_AI/DCEC/all_rgb\all\sim_0255_diff.png,all,3
D:/GENE_simulation_AI/DCEC/all_rgb\all\sim_0256_diff.png,all,3
D:/GENE_simulation_AI/DCEC/all_rgb\all\sim_0257_diff.png,all,3
D:/GENE_simulation_AI/DCEC/all_rgb\all\sim_0258_diff.png,all,3
D:/GENE_simulation_AI/DCEC/all_rgb\all\sim_0259_diff.png,all,3
D:/GENE_simulation_AI/DCEC/all_rgb\all\sim_0260_diff.png,all,2
D:/GENE_simulation_AI/DCEC/all_rgb\all\sim_0261_diff.png,all,6
D:/GENE_simulation_AI/DCEC/all_rgb\all\sim_0262_diff.png,all,3
D:/GENE_simulation_AI/DCEC/all_rgb\all\sim_0263_diff.png,all,3
D:/GENE_simulation_AI/DCEC/all_rgb\all\sim_0264_diff.png,all,3
D:/GENE_simulation_AI/DCEC/all_rgb\all\sim_0265_diff.png,all,3
D:/GENE_simulation_AI/DCEC/all_rgb\all\sim_0266_diff.png,all,3
D:/GENE_simulation_AI/DCEC/all_rgb\all\sim_0267_diff.png,all,3
D:/GENE_simulation_AI/DCEC/all_rgb\all\sim_0268_diff.png,all,7
D:/GENE_simulation_AI/DCEC/all_rgb\all\sim_0269_diff.png,all,7
D:/GENE_simulation_AI/DCEC/all_rgb\all\sim_0270_diff.png,all,6
D:/GENE_simulation_AI/DCEC/all_rgb\all\sim_0271_diff.png,all,2
D:/GENE_simulation_AI/DCEC/all_rgb\all\sim_0272_diff.png,all,7
D:/GENE_simulation_AI/DCEC/all_rgb\all\sim_0273_diff.png,all,2
D:/GENE_simulation_AI/DCEC/all_rgb\all\sim_0274_diff.png,all,2
D:/GENE_simulation_AI/DCEC/all_rgb\all\sim_0275_diff.png,all,2
D:/GENE_simulation_AI/DCEC/all_rgb\all\sim_0276_diff.png,all,2
D:/GENE_simulation_AI/DCEC/all_rgb\all\sim_0277_diff.png,all,2
D:/GENE_simulation_AI/DCEC/all_rgb\all\sim_0278_diff.png,all,2
D:/GENE_simulation_AI/DCEC/all_rgb\all\sim_0279_diff.png,all,2
D:/GENE_simulation_AI/DCEC/all_rgb\all\sim_0280_diff.png,all,6
D:/GENE_simulation_AI/DCEC/all_rgb\all\sim_0281_diff.png,all,7
D:/GENE_simulation_AI/DCEC/all_rgb\all\sim_0282_diff.png,all,2
D:/GENE_simulation_AI/DCEC/all_rgb\all\sim_0283_diff.png,all,2
D:/GENE_simulation_AI/DCEC/all_rgb\all\sim_0284_diff.png,all,2
D:/GENE_simulation_AI/DCEC/all_rgb\all\sim_0285_diff.png,all,2
D:/GENE_simulation_AI/DCEC/all_rgb\all\sim_0286_diff.png,all,2
D:/GENE_simulation_AI/DCEC/all_rgb\all\sim_0287_diff.png,all,2
D:/GENE_simulation_AI/DCEC/all_rgb\all\sim_0288_diff.png,all,7
D:/GENE_simulation_AI/DCEC/all_rgb\all\sim_0289_diff.png,all,7
D:/GENE_simulation_AI/DCEC/all_rgb\all\sim_0290_diff.png,all,2
D:/GENE_simulation_AI/DCEC/all_rgb\all\sim_0291_diff.png,all,2
D:/GENE_simulation_AI/DCEC/all_rgb\all\sim_0292_diff.png,all,6
D:/GENE_simulation_AI/DCEC/all_rgb\all\sim_0293_diff.png,all,1
D:/GENE_simulation_AI/DCEC/all_rgb\all\sim_0294_diff.png,all,1
D:/GENE_simulation_AI/DCEC/all_rgb\all\sim_0295_diff.png,all,4
D:/GENE_simulation_AI/DCEC/all_rgb\all\sim_0296_diff.png,all,4
D:/GENE_simulation_AI/DCEC/all_rgb\all\sim_0297_diff.png,all,4
D:/GENE_simulation_AI/DCEC/all_rgb\all\sim_0298_diff.png,all,4
D:/GENE_simulation_AI/DCEC/all_rgb\all\sim_0299_diff.png,all,4
D:/GENE_simulation_AI/DCEC/all_rgb\all\sim_0300_diff.png,all,1
D:/GENE_simulation_AI/DCEC/all_rgb\all\sim_0301_diff.png,all,1
D:/GENE_simulation_AI/DCEC/all_rgb\all\sim_0302_diff.png,all,1
D:/GENE_simulation_AI/DCEC/all_rgb\all\sim_0303_diff.png,all,1
D:/GENE_simulation_AI/DCEC/all_rgb\all\sim_0304_diff.png,all,1
D:/GENE_simulation_AI/DCEC/all_rgb\all\sim_0305_diff.png,all,1
D:/GENE_simulation_AI/DCEC/all_rgb\all\sim_0306_diff.png,all,1
D:/GENE_simulation_AI/DCEC/all_rgb\all\sim_0307_diff.png,all,1
D:/GENE_simulation_AI/DCEC/all_rgb\all\sim_0308_diff.png,all,0
D:/GENE_simulation_AI/DCEC/all_rgb\all\sim_0309_diff.png,all,0
D:/GENE_simulation_AI/DCEC/all_rgb\all\sim_0310_diff.png,all,1
D:/GENE_simulation_AI/DCEC/all_rgb\all\sim_0311_diff.png,all,1
D:/GENE_simulation_AI/DCEC/all_rgb\all\sim_0312_diff.png,all,1
D:/GENE_simulation_AI/DCEC/all_rgb\all\sim_0313_diff.png,all,1
D:/GENE_simulation_AI/DCEC/all_rgb\all\sim_0314_diff.png,all,1
D:/GENE_simulation_AI/DCEC/all_rgb\all\sim_0315_diff.png,all,1
D:/GENE_simulation_AI/DCEC/all_rgb\all\sim_0316_diff.png,all,1
D:/GENE_simulation_AI/DCEC/all_rgb\all\sim_0317_diff.png,all,0
D:/GENE_simulation_AI/DCEC/all_rgb\all\sim_0318_diff.png,all,0
D:/GENE_simulation_AI/DCEC/all_rgb\all\sim_0319_diff.png,all,1
D:/GENE_simulation_AI/DCEC/all_rgb\all\sim_0320_diff.png,all,5
D:/GENE_simulation_AI/DCEC/all_rgb\all\sim_0321_diff.png,all,5
D:/GENE_simulation_AI/DCEC/all_rgb\all\sim_0322_diff.png,all,5
D:/GENE_simulation_AI/DCEC/all_rgb\all\sim_0323_diff.png,all,5
D:/GENE_simulation_AI/DCEC/all_rgb\all\sim_0324_diff.png,all,3
D:/GENE_simulation_AI/DCEC/all_rgb\all\sim_0325_diff.png,all,3
D:/GENE_simulation_AI/DCEC/all_rgb\all\sim_0326_diff.png,all,3
D:/GENE_simulation_AI/DCEC/all_rgb\all\sim_0327_diff.png,all,5
D:/GENE_simulation_AI/DCEC/all_rgb\all\sim_0328_diff.png,all,5
D:/GENE_simulation_AI/DCEC/all_rgb\all\sim_0329_diff.png,all,5
D:/GENE_simulation_AI/DCEC/all_rgb\all\sim_0330_diff.png,all,3
D:/GENE_simulation_AI/DCEC/all_rgb\all\sim_0331_diff.png,all,3
D:/GENE_simulation_AI/DCEC/all_rgb\all\sim_0332_diff.png,all,3
D:/GENE_simulation_AI/DCEC/all_rgb\all\sim_0333_diff.png,all,3
D:/GENE_simulation_AI/DCEC/all_rgb\all\sim_0334_diff.png,all,3
D:/GENE_simulation_AI/DCEC/all_rgb\all\sim_0335_diff.png,all,3
D:/GENE_simulation_AI/DCEC/all_rgb\all\sim_0336_diff.png,all,3
D:/GENE_simulation_AI/DCEC/all_rgb\all\sim_0337_diff.png,all,3
D:/GENE_simulation_AI/DCEC/all_rgb\all\sim_0338_diff.png,all,3
D:/GENE_simulation_AI/DCEC/all_rgb\all\sim_0339_diff.png,all,3
D:/GENE_simulation_AI/DCEC/all_rgb\all\sim_0340_diff.png,all,2
D:/GENE_simulation_AI/DCEC/all_rgb\all\sim_0341_diff.png,all,3
D:/GENE_simulation_AI/DCEC/all_rgb\all\sim_0342_diff.png,all,3
D:/GENE_simulation_AI/DCEC/all_rgb\all\sim_0343_diff.png,all,3
D:/GENE_simulation_AI/DCEC/all_rgb\all\sim_0344_diff.png,all,3
D:/GENE_simulation_AI/DCEC/all_rgb\all\sim_0345_diff.png,all,4
D:/GENE_simulation_AI/DCEC/all_rgb\all\sim_0346_diff.png,all,4
D:/GENE_simulation_AI/DCEC/all_rgb\all\sim_0347_diff.png,all,4
D:/GENE_simulation_AI/DCEC/all_rgb\all\sim_0348_diff.png,all,4
D:/GENE_simulation_AI/DCEC/all_rgb\all\sim_0349_diff.png,all,4
D:/GENE_simulation_AI/DCEC/all_rgb\all\sim_0350_diff.png,all,2
D:/GENE_simulation_AI/DCEC/all_rgb\all\sim_0351_diff.png,all,2
D:/GENE_simulation_AI/DCEC/all_rgb\all\sim_0352_diff.png,all,7
D:/GENE_simulation_AI/DCEC/all_rgb\all\sim_0353_diff.png,all,2
D:/GENE_simulation_AI/DCEC/all_rgb\all\sim_0354_diff.png,all,4
D:/GENE_simulation_AI/DCEC/all_rgb\all\sim_0355_diff.png,all,4
D:/GENE_simulation_AI/DCEC/all_rgb\all\sim_0356_diff.png,all,4
D:/GENE_simulation_AI/DCEC/all_rgb\all\sim_0357_diff.png,all,4
D:/GENE_simulation_AI/DCEC/all_rgb\all\sim_0358_diff.png,all,4
D:/GENE_simulation_AI/DCEC/all_rgb\all\sim_0359_diff.png,all,4
D:/GENE_simulation_AI/DCEC/all_rgb\all\sim_0360_diff.png,all,6
D:/GENE_simulation_AI/DCEC/all_rgb\all\sim_0361_diff.png,all,7
D:/GENE_simulation_AI/DCEC/all_rgb\all\sim_0362_diff.png,all,2
D:/GENE_simulation_AI/DCEC/all_rgb\all\sim_0363_diff.png,all,1
D:/GENE_simulation_AI/DCEC/all_rgb\all\sim_0364_diff.png,all,4
D:/GENE_simulation_AI/DCEC/all_rgb\all\sim_0365_diff.png,all,4
D:/GENE_simulation_AI/DCEC/all_rgb\all\sim_0366_diff.png,all,4
D:/GENE_simulation_AI/DCEC/all_rgb\all\sim_0367_diff.png,all,4
D:/GENE_simulation_AI/DCEC/all_rgb\all\sim_0368_diff.png,all,4
D:/GENE_simulation_AI/DCEC/all_rgb\all\sim_0369_diff.png,all,2
D:/GENE_simulation_AI/DCEC/all_rgb\all\sim_0370_diff.png,all,2
D:/GENE_simulation_AI/DCEC/all_rgb\all\sim_0371_diff.png,all,4
D:/GENE_simulation_AI/DCEC/all_rgb\all\sim_0372_diff.png,all,1
D:/GENE_simulation_AI/DCEC/all_rgb\all\sim_0373_diff.png,all,1
D:/GENE_simulation_AI/DCEC/all_rgb\all\sim_0374_diff.png,all,1
D:/GENE_simulation_AI/DCEC/all_rgb\all\sim_0375_diff.png,all,4
D:/GENE_simulation_AI/DCEC/all_rgb\all\sim_0376_diff.png,all,4
D:/GENE_simulation_AI/DCEC/all_rgb\all\sim_0377_diff.png,all,0
D:/GENE_simulation_AI/DCEC/all_rgb\all\sim_0378_diff.png,all,0
D:/GENE_simulation_AI/DCEC/all_rgb\all\sim_0380_diff.png,all,1
D:/GENE_simulation_AI/DCEC/all_rgb\all\sim_0381_diff.png,all,1
D:/GENE_simulation_AI/DCEC/all_rgb\all\sim_0382_diff.png,all,1
D:/GENE_simulation_AI/DCEC/all_rgb\all\sim_0383_diff.png,all,1
D:/GENE_simulation_AI/DCEC/all_rgb\all\sim_0384_diff.png,all,1
D:/GENE_simulation_AI/DCEC/all_rgb\all\sim_0385_diff.png,all,1
D:/GENE_simulation_AI/DCEC/all_rgb\all\sim_0386_diff.png,all,1
D:/GENE_simulation_AI/DCEC/all_rgb\all\sim_0387_diff.png,all,1
D:/GENE_simulation_AI/DCEC/all_rgb\all\sim_0388_diff.png,all,0
D:/GENE_simulation_AI/DCEC/all_rgb\all\sim_0389_diff.png,all,0
D:/GENE_simulation_AI/DCEC/all_rgb\all\sim_0390_diff.png,all,1
D:/GENE_simulation_AI/DCEC/all_rgb\all\sim_0391_diff.png,all,1
D:/GENE_simulation_AI/DCEC/all_rgb\all\sim_0392_diff.png,all,1
D:/GENE_simulation_AI/DCEC/all_rgb\all\sim_0393_diff.png,all,1
D:/GENE_simulation_AI/DCEC/all_rgb\all\sim_0394_diff.png,all,1
D:/GENE_simulation_AI/DCEC/all_rgb\all\sim_0395_diff.png,all,1
D:/GENE_simulation_AI/DCEC/all_rgb\all\sim_0396_diff.png,all,1
D:/GENE_simulation_AI/DCEC/all_rgb\all\sim_0397_diff.png,all,1
D:/GENE_simulation_AI/DCEC/all_rgb\all\sim_0398_diff.png,all,0
D:/GENE_simulation_AI/DCEC/all_rgb\all\sim_0399_diff.png,all,1
D:/GENE_simulation_AI/DCEC/all_rgb\all\sim_0400_diff.png,all,5
D:/GENE_simulation_AI/DCEC/all_rgb\all\sim_0401_diff.png,all,5
D:/GENE_simulation_AI/DCEC/all_rgb\all\sim_0402_diff.png,all,5
D:/GENE_simulation_AI/DCEC/all_rgb\all\sim_0403_diff.png,all,5
D:/GENE_simulation_AI/DCEC/all_rgb\all\sim_0404_diff.png,all,5
D:/GENE_simulation_AI/DCEC/all_rgb\all\sim_0405_diff.png,all,3
D:/GENE_simulation_AI/DCEC/all_rgb\all\sim_0406_diff.png,all,3
D:/GENE_simulation_AI/DCEC/all_rgb\all\sim_0407_diff.png,all,5
D:/GENE_simulation_AI/DCEC/all_rgb\all\sim_0408_diff.png,all,5
D:/GENE_simulation_AI/DCEC/all_rgb\all\sim_0409_diff.png,all,5
D:/GENE_simulation_AI/DCEC/all_rgb\all\sim_0410_diff.png,all,3
D:/GENE_simulation_AI/DCEC/all_rgb\all\sim_0411_diff.png,all,3
D:/GENE_simulation_AI/DCEC/all_rgb\all\sim_0412_diff.png,all,3
D:/GENE_simulation_AI/DCEC/all_rgb\all\sim_0413_diff.png,all,3
D:/GENE_simulation_AI/DCEC/all_rgb\all\sim_0414_diff.png,all,3
D:/GENE_simulation_AI/DCEC/all_rgb\all\sim_0415_diff.png,all,3
D:/GENE_simulation_AI/DCEC/all_rgb\all\sim_0416_diff.png,all,3
D:/GENE_simulation_AI/DCEC/all_rgb\all\sim_0417_diff.png,all,3
D:/GENE_simulation_AI/DCEC/all_rgb\all\sim_0418_diff.png,all,3
D:/GENE_simulation_AI/DCEC/all_rgb\all\sim_0419_diff.png,all,3
D:/GENE_simulation_AI/DCEC/all_rgb\all\sim_0420_diff.png,all,2
D:/GENE_simulation_AI/DCEC/all_rgb\all\sim_0421_diff.png,all,2
D:/GENE_simulation_AI/DCEC/all_rgb\all\sim_0422_diff.png,all,6
D:/GENE_simulation_AI/DCEC/all_rgb\all\sim_0423_diff.png,all,3
D:/GENE_simulation_AI/DCEC/all_rgb\all\sim_0424_diff.png,all,3
D:/GENE_simulation_AI/DCEC/all_rgb\all\sim_0425_diff.png,all,4
D:/GENE_simulation_AI/DCEC/all_rgb\all\sim_0426_diff.png,all,4
D:/GENE_simulation_AI/DCEC/all_rgb\all\sim_0427_diff.png,all,4
D:/GENE_simulation_AI/DCEC/all_rgb\all\sim_0428_diff.png,all,4
D:/GENE_simulation_AI/DCEC/all_rgb\all\sim_0429_diff.png,all,4
D:/GENE_simulation_AI/DCEC/all_rgb\all\sim_0430_diff.png,all,6
D:/GENE_simulation_AI/DCEC/all_rgb\all\sim_0431_diff.png,all,2
D:/GENE_simulation_AI/DCEC/all_rgb\all\sim_0432_diff.png,all,2
D:/GENE_simulation_AI/DCEC/all_rgb\all\sim_0433_diff.png,all,2
D:/GENE_simulation_AI/DCEC/all_rgb\all\sim_0434_diff.png,all,2
D:/GENE_simulation_AI/DCEC/all_rgb\all\sim_0435_diff.png,all,2
D:/GENE_simulation_AI/DCEC/all_rgb\all\sim_0436_diff.png,all,2
D:/GENE_simulation_AI/DCEC/all_rgb\all\sim_0437_diff.png,all,2
D:/GENE_simulation_AI/DCEC/all_rgb\all\sim_0438_diff.png,all,4
D:/GENE_simulation_AI/DCEC/all_rgb\all\sim_0439_diff.png,all,4
D:/GENE_simulation_AI/DCEC/all_rgb\all\sim_0440_diff.png,all,6
D:/GENE_simulation_AI/DCEC/all_rgb\all\sim_0441_diff.png,all,7
D:/GENE_simulation_AI/DCEC/all_rgb\all\sim_0442_diff.png,all,2
D:/GENE_simulation_AI/DCEC/all_rgb\all\sim_0443_diff.png,all,2
D:/GENE_simulation_AI/DCEC/all_rgb\all\sim_0444_diff.png,all,4
D:/GENE_simulation_AI/DCEC/all_rgb\all\sim_0445_diff.png,all,2
D:/GENE_simulation_AI/DCEC/all_rgb\all\sim_0446_diff.png,all,4
D:/GENE_simulation_AI/DCEC/all_rgb\all\sim_0447_diff.png,all,4
D:/GENE_simulation_AI/DCEC/all_rgb\all\sim_0448_diff.png,all,4
D:/GENE_simulation_AI/DCEC/all_rgb\all\sim_0449_diff.png,all,4
D:/GENE_simulation_AI/DCEC/all_rgb\all\sim_0450_diff.png,all,2
D:/GENE_simulation_AI/DCEC/all_rgb\all\sim_0451_diff.png,all,4
D:/GENE_simulation_AI/DCEC/all_rgb\all\sim_0452_diff.png,all,6
D:/GENE_simulation_AI/DCEC/all_rgb\all\sim_0453_diff.png,all,1
D:/GENE_simulation_AI/DCEC/all_rgb\all\sim_0454_diff.png,all,1
D:/GENE_simulation_AI/DCEC/all_rgb\all\sim_0455_diff.png,all,4
D:/GENE_simulation_AI/DCEC/all_rgb\all\sim_0456_diff.png,all,4
D:/GENE_simulation_AI/DCEC/all_rgb\all\sim_0457_diff.png,all,4
D:/GENE_simulation_AI/DCEC/all_rgb\all\sim_0458_diff.png,all,0
D:/GENE_simulation_AI/DCEC/all_rgb\all\sim_0459_diff.png,all,0
D:/GENE_simulation_AI/DCEC/all_rgb\all\sim_0460_diff.png,all,1
D:/GENE_simulation_AI/DCEC/all_rgb\all\sim_0461_diff.png,all,1
D:/GENE_simulation_AI/DCEC/all_rgb\all\sim_0462_diff.png,all,1
D:/GENE_simulation_AI/DCEC/all_rgb\all\sim_0463_diff.png,all,1
D:/GENE_simulation_AI/DCEC/all_rgb\all\sim_0464_diff.png,all,1
D:/GENE_simulation_AI/DCEC/all_rgb\all\sim_0465_diff.png,all,1
D:/GENE_simulation_AI/DCEC/all_rgb\all\sim_0466_diff.png,all,1
D:/GENE_simulation_AI/DCEC/all_rgb\all\sim_0467_diff.png,all,1
D:/GENE_simulation_AI/DCEC/all_rgb\all\sim_0468_diff.png,all,0
D:/GENE_simulation_AI/DCEC/all_rgb\all\sim_0469_diff.png,all,0
D:/GENE_simulation_AI/DCEC/all_rgb\all\sim_0470_diff.png,all,1
D:/GENE_simulation_AI/DCEC/all_rgb\all\sim_0472_diff.png,all,1
D:/GENE_simulation_AI/DCEC/all_rgb\all\sim_0473_diff.png,all,1
D:/GENE_simulation_AI/DCEC/all_rgb\all\sim_0474_diff.png,all,1
D:/GENE_simulation_AI/DCEC/all_rgb\all\sim_0475_diff.png,all,1
D:/GENE_simulation_AI/DCEC/all_rgb\all\sim_0476_diff.png,all,1
D:/GENE_simulation_AI/DCEC/all_rgb\all\sim_0477_diff.png,all,0
D:/GENE_simulation_AI/DCEC/all_rgb\all\sim_0479_diff.png,all,1
D:/GENE_simulation_AI/DCEC/all_rgb\all\sim_0480_diff.png,all,5
D:/GENE_simulation_AI/DCEC/all_rgb\all\sim_0481_diff.png,all,5
D:/GENE_simulation_AI/DCEC/all_rgb\all\sim_0482_diff.png,all,5
D:/GENE_simulation_AI/DCEC/all_rgb\all\sim_0483_diff.png,all,5
D:/GENE_simulation_AI/DCEC/all_rgb\all\sim_0484_diff.png,all,5
D:/GENE_simulation_AI/DCEC/all_rgb\all\sim_0485_diff.png,all,5
D:/GENE_simulation_AI/DCEC/all_rgb\all\sim_0486_diff.png,all,3
D:/GENE_simulation_AI/DCEC/all_rgb\all\sim_0487_diff.png,all,5
D:/GENE_simulation_AI/DCEC/all_rgb\all\sim_0488_diff.png,all,5
D:/GENE_simulation_AI/DCEC/all_rgb\all\sim_0489_diff.png,all,5
D:/GENE_simulation_AI/DCEC/all_rgb\all\sim_0490_diff.png,all,3
D:/GENE_simulation_AI/DCEC/all_rgb\all\sim_0491_diff.png,all,3
D:/GENE_simulation_AI/DCEC/all_rgb\all\sim_0492_diff.png,all,3
D:/GENE_simulation_AI/DCEC/all_rgb\all\sim_0493_diff.png,all,3
D:/GENE_simulation_AI/DCEC/all_rgb\all\sim_0494_diff.png,all,3
D:/GENE_simulation_AI/DCEC/all_rgb\all\sim_0495_diff.png,all,3
D:/GENE_simulation_AI/DCEC/all_rgb\all\sim_0496_diff.png,all,3
D:/GENE_simulation_AI/DCEC/all_rgb\all\sim_0497_diff.png,all,3
D:/GENE_simulation_AI/DCEC/all_rgb\all\sim_0498_diff.png,all,3
D:/GENE_simulation_AI/DCEC/all_rgb\all\sim_0499_diff.png,all,3
D:/GENE_simulation_AI/DCEC/all_rgb\all\sim_0500_diff.png,all,6
D:/GENE_simulation_AI/DCEC/all_rgb\all\sim_0501_diff.png,all,2
D:/GENE_simulation_AI/DCEC/all_rgb\all\sim_0502_diff.png,all,6
D:/GENE_simulation_AI/DCEC/all_rgb\all\sim_0503_diff.png,all,3
D:/GENE_simulation_AI/DCEC/all_rgb\all\sim_0504_diff.png,all,2
D:/GENE_simulation_AI/DCEC/all_rgb\all\sim_0505_diff.png,all,2
D:/GENE_simulation_AI/DCEC/all_rgb\all\sim_0506_diff.png,all,4
D:/GENE_simulation_AI/DCEC/all_rgb\all\sim_0507_diff.png,all,4
D:/GENE_simulation_AI/DCEC/all_rgb\all\sim_0508_diff.png,all,4
D:/GENE_simulation_AI/DCEC/all_rgb\all\sim_0509_diff.png,all,4
D:/GENE_simulation_AI/DCEC/all_rgb\all\sim_0510_diff.png,all,6
D:/GENE_simulation_AI/DCEC/all_rgb\all\sim_0511_diff.png,all,7
D:/GENE_simulation_AI/DCEC/all_rgb\all\sim_0512_diff.png,all,7
D:/GENE_simulation_AI/DCEC/all_rgb\all\sim_0513_diff.png,all,7
D:/GENE_simulation_AI/DCEC/all_rgb\all\sim_0514_diff.png,all,2
D:/GENE_simulation_AI/DCEC/all_rgb\all\sim_0515_diff.png,all,2
D:/GENE_simulation_AI/DCEC/all_rgb\all\sim_0516_diff.png,all,7
D:/GENE_simulation_AI/DCEC/all_rgb\all\sim_0517_diff.png,all,2
D:/GENE_simulation_AI/DCEC/all_rgb\all\sim_0518_diff.png,all,7
D:/GENE_simulation_AI/DCEC/all_rgb\all\sim_0519_diff.png,all,2
D:/GENE_simulation_AI/DCEC/all_rgb\all\sim_0520_diff.png,all,6
D:/GENE_simulation_AI/DCEC/all_rgb\all\sim_0521_diff.png,all,2
D:/GENE_simulation_AI/DCEC/all_rgb\all\sim_0522_diff.png,all,2
D:/GENE_simulation_AI/DCEC/all_rgb\all\sim_0523_diff.png,all,2
D:/GENE_simulation_AI/DCEC/all_rgb\all\sim_0524_diff.png,all,2
D:/GENE_simulation_AI/DCEC/all_rgb\all\sim_0525_diff.png,all,2
D:/GENE_simulation_AI/DCEC/all_rgb\all\sim_0526_diff.png,all,2
D:/GENE_simulation_AI/DCEC/all_rgb\all\sim_0527_diff.png,all,2
D:/GENE_simulation_AI/DCEC/all_rgb\all\sim_0528_diff.png,all,2
D:/GENE_simulation_AI/DCEC/all_rgb\all\sim_0529_diff.png,all,7
D:/GENE_simulation_AI/DCEC/all_rgb\all\sim_0530_diff.png,all,2
D:/GENE_simulation_AI/DCEC/all_rgb\all\sim_0531_diff.png,all,2
D:/GENE_simulation_AI/DCEC/all_rgb\all\sim_0532_diff.png,all,6
D:/GENE_simulation_AI/DCEC/all_rgb\all\sim_0533_diff.png,all,1
D:/GENE_simulation_AI/DCEC/all_rgb\all\sim_0534_diff.png,all,1
D:/GENE_simulation_AI/DCEC/all_rgb\all\sim_0535_diff.png,all,4
D:/GENE_simulation_AI/DCEC/all_rgb\all\sim_0536_diff.png,all,4
D:/GENE_simulation_AI/DCEC/all_rgb\all\sim_0537_diff.png,all,4
D:/GENE_simulation_AI/DCEC/all_rgb\all\sim_0538_diff.png,all,0
D:/GENE_simulation_AI/DCEC/all_rgb\all\sim_0539_diff.png,all,0
D:/GENE_simulation_AI/DCEC/all_rgb\all\sim_0540_diff.png,all,1
D:/GENE_simulation_AI/DCEC/all_rgb\all\sim_0541_diff.png,all,1
D:/GENE_simulation_AI/DCEC/all_rgb\all\sim_0542_diff.png,all,1
D:/GENE_simulation_AI/DCEC/all_rgb\all\sim_0543_diff.png,all,1
D:/GENE_simulation_AI/DCEC/all_rgb\all\sim_0544_diff.png,all,1
D:/GENE_simulation_AI/DCEC/all_rgb\all\sim_0545_diff.png,all,1
D:/GENE_simulation_AI/DCEC/all_rgb\all\sim_0546_diff.png,all,1
D:/GENE_simulation_AI/DCEC/all_rgb\all\sim_0547_diff.png,all,1
D:/GENE_simulation_AI/DCEC/all_rgb\all\sim_0548_diff.png,all,0
D:/GENE_simulation_AI/DCEC/all_rgb\all\sim_0549_diff.png,all,0
D:/GENE_simulation_AI/DCEC/all_rgb\all\sim_0550_diff.png,all,1
D:/GENE_simulation_AI/DCEC/all_rgb\all\sim_0551_diff.png,all,1
D:/GENE_simulation_AI/DCEC/all_rgb\all\sim_0552_diff.png,all,1
D:/GENE_simulation_AI/DCEC/all_rgb\all\sim_0553_diff.png,all,1
D:/GENE_simulation_AI/DCEC/all_rgb\all\sim_0554_diff.png,all,1
D:/GENE_simulation_AI/DCEC/all_rgb\all\sim_0555_diff.png,all,1
D:/GENE_simulation_AI/DCEC/all_rgb\all\sim_0556_diff.png,all,1
D:/GENE_simulation_AI/DCEC/all_rgb\all\sim_0557_diff.png,all,0
D:/GENE_simulation_AI/DCEC/all_rgb\all\sim_0558_diff.png,all,0
D:/GENE_simulation_AI/DCEC/all_rgb\all\sim_0559_diff.png,all,1
D:/GENE_simulation_AI/DCEC/all_rgb\all\sim_0560_diff.png,all,5
D:/GENE_simulation_AI/DCEC/all_rgb\all\sim_0561_diff.png,all,5
D:/GENE_simulation_AI/DCEC/all_rgb\all\sim_0562_diff.png,all,5
D:/GENE_simulation_AI/DCEC/all_rgb\all\sim_0563_diff.png,all,5
D:/GENE_simulation_AI/DCEC/all_rgb\all\sim_0564_diff.png,all,5
D:/GENE_simulation_AI/DCEC/all_rgb\all\sim_0565_diff.png,all,5
D:/GENE_simulation_AI/DCEC/all_rgb\all\sim_0566_diff.png,all,5
D:/GENE_simulation_AI/DCEC/all_rgb\all\sim_0567_diff.png,all,5
D:/GENE_simulation_AI/DCEC/all_rgb\all\sim_0568_diff.png,all,5
D:/GENE_simulation_AI/DCEC/all_rgb\all\sim_0569_diff.png,all,5
D:/GENE_simulation_AI/DCEC/all_rgb\all\sim_0570_diff.png,all,3
D:/GENE_simulation_AI/DCEC/all_rgb\all\sim_0571_diff.png,all,3
D:/GENE_simulation_AI/DCEC/all_rgb\all\sim_0572_diff.png,all,3
D:/GENE_simulation_AI/DCEC/all_rgb\all\sim_0573_diff.png,all,3
D:/GENE_simulation_AI/DCEC/all_rgb\all\sim_0574_diff.png,all,3
D:/GENE_simulation_AI/DCEC/all_rgb\all\sim_0575_diff.png,all,3
D:/GENE_simulation_AI/DCEC/all_rgb\all\sim_0576_diff.png,all,3
D:/GENE_simulation_AI/DCEC/all_rgb\all\sim_0577_diff.png,all,3
D:/GENE_simulation_AI/DCEC/all_rgb\all\sim_0578_diff.png,all,3
D:/GENE_simulation_AI/DCEC/all_rgb\all\sim_0579_diff.png,all,3
D:/GENE_simulation_AI/DCEC/all_rgb\all\sim_0580_diff.png,all,6
D:/GENE_simulation_AI/DCEC/all_rgb\all\sim_0581_diff.png,all,6
D:/GENE_simulation_AI/DCEC/all_rgb\all\sim_0582_diff.png,all,2
D:/GENE_simulation_AI/DCEC/all_rgb\all\sim_0583_diff.png,all,2
D:/GENE_simulation_AI/DCEC/all_rgb\all\sim_0584_diff.png,all,2
D:/GENE_simulation_AI/DCEC/all_rgb\all\sim_0585_diff.png,all,2
D:/GENE_simulation_AI/DCEC/all_rgb\all\sim_0586_diff.png,all,2
D:/GENE_simulation_AI/DCEC/all_rgb\all\sim_0587_diff.png,all,2
D:/GENE_simulation_AI/DCEC/all_rgb\all\sim_0588_diff.png,all,4
D:/GENE_simulation_AI/DCEC/all_rgb\all\sim_0589_diff.png,all,4
D:/GENE_simulation_AI/DCEC/all_rgb\all\sim_0590_diff.png,all,6
D:/GENE_simulation_AI/DCEC/all_rgb\all\sim_0591_diff.png,all,2
D:/GENE_simulation_AI/DCEC/all_rgb\all\sim_0592_diff.png,all,6
D:/GENE_simulation_AI/DCEC/all_rgb\all\sim_0593_diff.png,all,6
D:/GENE_simulation_AI/DCEC/all_rgb\all\sim_0594_diff.png,all,6
D:/GENE_simulation_AI/DCEC/all_rgb\all\sim_0595_diff.png,all,2
D:/GENE_simulation_AI/DCEC/all_rgb\all\sim_0596_diff.png,all,2
D:/GENE_simulation_AI/DCEC/all_rgb\all\sim_0597_diff.png,all,7
D:/GENE_simulation_AI/DCEC/all_rgb\all\sim_0598_diff.png,all,2
D:/GENE_simulation_AI/DCEC/all_rgb\all\sim_0599_diff.png,all,2
D:/GENE_simulation_AI/DCEC/all_rgb\all\sim_0600_diff.png,all,6
D:/GENE_simulation_AI/DCEC/all_rgb\all\sim_0601_diff.png,all,2
D:/GENE_simulation_AI/DCEC/all_rgb\all\sim_0602_diff.png,all,7
D:/GENE_simulation_AI/DCEC/all_rgb\all\sim_0603_diff.png,all,2
D:/GENE_simulation_AI/DCEC/all_rgb\all\sim_0604_diff.png,all,2
D:/GENE_simulation_AI/DCEC/all_rgb\all\sim_0605_diff.png,all,7
D:/GENE_simulation_AI/DCEC/all_rgb\all\sim_0606_diff.png,all,2
D:/GENE_simulation_AI/DCEC/all_rgb\all\sim_0607_diff.png,all,2
D:/GENE_simulation_AI/DCEC/all_rgb\all\sim_0608_diff.png,all,2
D:/GENE_simulation_AI/DCEC/all_rgb\all\sim_0609_diff.png,all,2
D:/GENE_simulation_AI/DCEC/all_rgb\all\sim_0610_diff.png,all,2
D:/GENE_simulation_AI/DCEC/all_rgb\all\sim_0611_diff.png,all,2
D:/GENE_simulation_AI/DCEC/all_rgb\all\sim_0612_diff.png,all,2
D:/GENE_simulation_AI/DCEC/all_rgb\all\sim_0613_diff.png,all,1
D:/GENE_simulation_AI/DCEC/all_rgb\all\sim_0614_diff.png,all,1
D:/GENE_simulation_AI/DCEC/all_rgb\all\sim_0615_diff.png,all,4
D:/GENE_simulation_AI/DCEC/all_rgb\all\sim_0616_diff.png,all,4
D:/GENE_simulation_AI/DCEC/all_rgb\all\sim_0617_diff.png,all,4
D:/GENE_simulation_AI/DCEC/all_rgb\all\sim_0618_diff.png,all,4
D:/GENE_simulation_AI/DCEC/all_rgb\all\sim_0619_diff.png,all,4
D:/GENE_simulation_AI/DCEC/all_rgb\all\sim_0620_diff.png,all,1
D:/GENE_simulation_AI/DCEC/all_rgb\all\sim_0621_diff.png,all,1
D:/GENE_simulation_AI/DCEC/all_rgb\all\sim_0622_diff.png,all,1
D:/GENE_simulation_AI/DCEC/all_rgb\all\sim_0623_diff.png,all,1
D:/GENE_simulation_AI/DCEC/all_rgb\all\sim_0624_diff.png,all,1
D:/GENE_simulation_AI/DCEC/all_rgb\all\sim_0625_diff.png,all,1
D:/GENE_simulation_AI/DCEC/all_rgb\all\sim_0626_diff.png,all,1
D:/GENE_simulation_AI/DCEC/all_rgb\all\sim_0627_diff.png,all,1
D:/GENE_simulation_AI/DCEC/all_rgb\all\sim_0628_diff.png,all,0
D:/GENE_simulation_AI/DCEC/all_rgb\all\sim_0629_diff.png,all,0
D:/GENE_simulation_AI/DCEC/all_rgb\all\sim_0630_diff.png,all,1
D:/GENE_simulation_AI/DCEC/all_rgb\all\sim_0631_diff.png,all,1
D:/GENE_simulation_AI/DCEC/all_rgb\all\sim_0632_diff.png,all,1
D:/GENE_simulation_AI/DCEC/all_rgb\all\sim_0633_diff.png,all,1
D:/GENE_simulation_AI/DCEC/all_rgb\all\sim_0634_diff.png,all,1
D:/GENE_simulation_AI/DCEC/all_rgb\all\sim_0635_diff.png,all,1
D:/GENE_simulation_AI/DCEC/all_rgb\all\sim_0636_diff.png,all,0
D:/GENE_simulation_AI/DCEC/all_rgb\all\sim_0637_diff.png,all,0
D:/GENE_simulation_AI/DCEC/all_rgb\all\sim_0638_diff.png,all,0
D:/GENE_simulation_AI/DCEC/all_rgb\all\sim_0639_diff.png,all,1
D:/GENE_simulation_AI/DCEC/all_rgb\all\sim_0640_diff.png,all,5
D:/GENE_simulation_AI/DCEC/all_rgb\all\sim_0641_diff.png,all,5
D:/GENE_simulation_AI/DCEC/all_rgb\all\sim_0642_diff.png,all,5
D:/GENE_simulation_AI/DCEC/all_rgb\all\sim_0643_diff.png,all,3
D:/GENE_simulation_AI/DCEC/all_rgb\all\sim_0644_diff.png,all,3
D:/GENE_simulation_AI/DCEC/all_rgb\all\sim_0645_diff.png,all,3
D:/GENE_simulation_AI/DCEC/all_rgb\all\sim_0646_diff.png,all,3
D:/GENE_simulation_AI/DCEC/all_rgb\all\sim_0647_diff.png,all,3
D:/GENE_simulation_AI/DCEC/all_rgb\all\sim_0648_diff.png,all,5
D:/GENE_simulation_AI/DCEC/all_rgb\all\sim_0649_diff.png,all,5
D:/GENE_simulation_AI/DCEC/all_rgb\all\sim_0650_diff.png,all,3
D:/GENE_simulation_AI/DCEC/all_rgb\all\sim_0651_diff.png,all,3
D:/GENE_simulation_AI/DCEC/all_rgb\all\sim_0652_diff.png,all,3
D:/GENE_simulation_AI/DCEC/all_rgb\all\sim_0653_diff.png,all,3
D:/GENE_simulation_AI/DCEC/all_rgb\all\sim_0654_diff.png,all,3
D:/GENE_simulation_AI/DCEC/all_rgb\all\sim_0655_diff.png,all,3
D:/GENE_simulation_AI/DCEC/all_rgb\all\sim_0656_diff.png,all,3
D:/GENE_simulation_AI/DCEC/all_rgb\all\sim_0657_diff.png,all,3
D:/GENE_simulation_AI/DCEC/all_rgb\all\sim_0658_diff.png,all,3
D:/GENE_simulation_AI/DCEC/all_rgb\all\sim_0659_diff.png,all,3
D:/GENE_simulation_AI/DCEC/all_rgb\all\sim_0660_diff.png,all,6
D:/GENE_simulation_AI/DCEC/all_rgb\all\sim_0661_diff.png,all,2
D:/GENE_simulation_AI/DCEC/all_rgb\all\sim_0662_diff.png,all,6
D:/GENE_simulation_AI/DCEC/all_rgb\all\sim_0663_diff.png,all,2
D:/GENE_simulation_AI/DCEC/all_rgb\all\sim_0664_diff.png,all,4
D:/GENE_simulation_AI/DCEC/all_rgb\all\sim_0665_diff.png,all,4
D:/GENE_simulation_AI/DCEC/all_rgb\all\sim_0666_diff.png,all,4
D:/GENE_simulation_AI/DCEC/all_rgb\all\sim_0667_diff.png,all,4
D:/GENE_simulation_AI/DCEC/all_rgb\all\sim_0668_diff.png,all,4
D:/GENE_simulation_AI/DCEC/all_rgb\all\sim_0669_diff.png,all,4
D:/GENE_simulation_AI/DCEC/all_rgb\all\sim_0670_diff.png,all,6
D:/GENE_simulation_AI/DCEC/all_rgb\all\sim_0671_diff.png,all,7
D:/GENE_simulation_AI/DCEC/all_rgb\all\sim_0672_diff.png,all,6
D:/GENE_simulation_AI/DCEC/all_rgb\all\sim_0673_diff.png,all,7
D:/GENE_simulation_AI/DCEC/all_rgb\all\sim_0674_diff.png,all,6
D:/GENE_simulation_AI/DCEC/all_rgb\all\sim_0675_diff.png,all,4
D:/GENE_simulation_AI/DCEC/all_rgb\all\sim_0676_diff.png,all,4
D:/GENE_simulation_AI/DCEC/all_rgb\all\sim_0677_diff.png,all,4
D:/GENE_simulation_AI/DCEC/all_rgb\all\sim_0678_diff.png,all,4
D:/GENE_simulation_AI/DCEC/all_rgb\all\sim_0679_diff.png,all,4
D:/GENE_simulation_AI/DCEC/all_rgb\all\sim_0680_diff.png,all,6
D:/GENE_simulation_AI/DCEC/all_rgb\all\sim_0681_diff.png,all,2
D:/GENE_simulation_AI/DCEC/all_rgb\all\sim_0682_diff.png,all,7
D:/GENE_simulation_AI/DCEC/all_rgb\all\sim_0683_diff.png,all,4
D:/GENE_simulation_AI/DCEC/all_rgb\all\sim_0684_diff.png,all,4
D:/GENE_simulation_AI/DCEC/all_rgb\all\sim_0685_diff.png,all,4
D:/GENE_simulation_AI/DCEC/all_rgb\all\sim_0686_diff.png,all,4
D:/GENE_simulation_AI/DCEC/all_rgb\all\sim_0687_diff.png,all,4
D:/GENE_simulation_AI/DCEC/all_rgb\all\sim_0688_diff.png,all,4
D:/GENE_simulation_AI/DCEC/all_rgb\all\sim_0689_diff.png,all,4
D:/GENE_simulation_AI/DCEC/all_rgb\all\sim_0690_diff.png,all,4
D:/GENE_simulation_AI/DCEC/all_rgb\all\sim_0691_diff.png,all,1
D:/GENE_simulation_AI/DCEC/all_rgb\all\sim_0692_diff.png,all,1
D:/GENE_simulation_AI/DCEC/all_rgb\all\sim_0693_diff.png,all,1
D:/GENE_simulation_AI/DCEC/all_rgb\all\sim_0694_diff.png,all,1
D:/GENE_simulation_AI/DCEC/all_rgb\all\sim_0695_diff.png,all,4
D:/GENE_simulation_AI/DCEC/all_rgb\all\sim_0696_diff.png,all,4
D:/GENE_simulation_AI/DCEC/all_rgb\all\sim_0697_diff.png,all,0
D:/GENE_simulation_AI/DCEC/all_rgb\all\sim_0698_diff.png,all,0
D:/GENE_simulation_AI/DCEC/all_rgb\all\sim_0699_diff.png,all,0
D:/GENE_simulation_AI/DCEC/all_rgb\all\sim_0700_diff.png,all,1
D:/GENE_simulation_AI/DCEC/all_rgb\all\sim_0701_diff.png,all,1
D:/GENE_simulation_AI/DCEC/all_rgb\all\sim_0702_diff.png,all,1
D:/GENE_simulation_AI/DCEC/all_rgb\all\sim_0703_diff.png,all,1
D:/GENE_simulation_AI/DCEC/all_rgb\all\sim_0704_diff.png,all,1
D:/GENE_simulation_AI/DCEC/all_rgb\all\sim_0705_diff.png,all,1
D:/GENE_simulation_AI/DCEC/all_rgb\all\sim_0706_diff.png,all,1
D:/GENE_simulation_AI/DCEC/all_rgb\all\sim_0707_diff.png,all,1
D:/GENE_simulation_AI/DCEC/all_rgb\all\sim_0708_diff.png,all,0
D:/GENE_simulation_AI/DCEC/all_rgb\all\sim_0709_diff.png,all,0
D:/GENE_simulation_AI/DCEC/all_rgb\all\sim_0710_diff.png,all,1
D:/GENE_simulation_AI/DCEC/all_rgb\all\sim_0711_diff.png,all,1
D:/GENE_simulation_AI/DCEC/all_rgb\all\sim_0712_diff.png,all,1
D:/GENE_simulation_AI/DCEC/all_rgb\all\sim_0713_diff.png,all,1
D:/GENE_simulation_AI/DCEC/all_rgb\all\sim_0714_diff.png,all,1
D:/GENE_simulation_AI/DCEC/all_rgb\all\sim_0715_diff.png,all,1
D:/GENE_simulation_AI/DCEC/all_rgb\all\sim_0716_diff.png,all,1
D:/GENE_simulation_AI/DCEC/all_rgb\all\sim_0717_diff.png,all,0
D:/GENE_simulation_AI/DCEC/all_rgb\all\sim_0718_diff.png,all,0
D:/GENE_simulation_AI/DCEC/all_rgb\all\sim_0719_diff.png,all,1
D:/GENE_simulation_AI/DCEC/all_rgb\all\sim_0720_diff.png,all,5
D:/GENE_simulation_AI/DCEC/all_rgb\all\sim_0721_diff.png,all,5
D:/GENE_simulation_AI/DCEC/all_rgb\all\sim_0722_diff.png,all,5
D:/GENE_simulation_AI/DCEC/all_rgb\all\sim_0723_diff.png,all,5
D:/GENE_simulation_AI/DCEC/all_rgb\all\sim_0724_diff.png,all,3
D:/GENE_simulation_AI/DCEC/all_rgb\all\sim_0725_diff.png,all,3
D:/GENE_simulation_AI/DCEC/all_rgb\all\sim_0726_diff.png,all,3
D:/GENE_simulation_AI/DCEC/all_rgb\all\sim_0727_diff.png,all,3
D:/GENE_simulation_AI/DCEC/all_rgb\all\sim_0728_diff.png,all,5
D:/GENE_simulation_AI/DCEC/all_rgb\all\sim_0729_diff.png,all,5
D:/GENE_simulation_AI/DCEC/all_rgb\all\sim_0730_diff.png,all,3
D:/GENE_simulation_AI/DCEC/all_rgb\all\sim_0731_diff.png,all,3
D:/GENE_simulation_AI/DCEC/all_rgb\all\sim_0732_diff.png,all,3
D:/GENE_simulation_AI/DCEC/all_rgb\all\sim_0733_diff.png,all,3
D:/GENE_simulation_AI/DCEC/all_rgb\all\sim_0734_diff.png,all,3
D:/GENE_simulation_AI/DCEC/all_rgb\all\sim_0735_diff.png,all,3
D:/GENE_simulation_AI/DCEC/all_rgb\all\sim_0736_diff.png,all,3
D:/GENE_simulation_AI/DCEC/all_rgb\all\sim_0737_diff.png,all,3
D:/GENE_simulation_AI/DCEC/all_rgb\all\sim_0738_diff.png,all,3
D:/GENE_simulation_AI/DCEC/all_rgb\all\sim_0739_diff.png,all,3
D:/GENE_simulation_AI/DCEC/all_rgb\all\sim_0740_diff.png,all,6
D:/GENE_simulation_AI/DCEC/all_rgb\all\sim_0741_diff.png,all,2
D:/GENE_simulation_AI/DCEC/all_rgb\all\sim_0742_diff.png,all,2
D:/GENE_simulation_AI/DCEC/all_rgb\all\sim_0743_diff.png,all,2
D:/GENE_simulation_AI/DCEC/all_rgb\all\sim_0744_diff.png,all,2
D:/GENE_simulation_AI/DCEC/all_rgb\all\sim_0745_diff.png,all,4
D:/GENE_simulation_AI/DCEC/all_rgb\all\sim_0746_diff.png,all,4
D:/GENE_simulation_AI/DCEC/all_rgb\all\sim_0747_diff.png,all,4
D:/GENE_simulation_AI/DCEC/all_rgb\all\sim_0748_diff.png,all,4
D:/GENE_simulation_AI/DCEC/all_rgb\all\sim_0749_diff.png,all,4
D:/GENE_simulation_AI/DCEC/all_rgb\all\sim_0750_diff.png,all,6
D:/GENE_simulation_AI/DCEC/all_rgb\all\sim_0751_diff.png,all,6
D:/GENE_simulation_AI/DCEC/all_rgb\all\sim_0752_diff.png,all,6
D:/GENE_simulation_AI/DCEC/all_rgb\all\sim_0753_diff.png,all,6
D:/GENE_simulation_AI/DCEC/all_rgb\all\sim_0754_diff.png,all,6
D:/GENE_simulation_AI/DCEC/all_rgb\all\sim_0755_diff.png,all,6
D:/GENE_simulation_AI/DCEC/all_rgb\all\sim_0756_diff.png,all,2
D:/GENE_simulation_AI/DCEC/all_rgb\all\sim_0757_diff.png,all,2
D:/GENE_simulation_AI/DCEC/all_rgb\all\sim_0758_diff.png,all,4
D:/GENE_simulation_AI/DCEC/all_rgb\all\sim_0759_diff.png,all,2
D:/GENE_simulation_AI/DCEC/all_rgb\all\sim_0760_diff.png,all,7
D:/GENE_simulation_AI/DCEC/all_rgb\all\sim_0761_diff.png,all,7
D:/GENE_simulation_AI/DCEC/all_rgb\all\sim_0762_diff.png,all,7
D:/GENE_simulation_AI/DCEC/all_rgb\all\sim_0763_diff.png,all,2
D:/GENE_simulation_AI/DCEC/all_rgb\all\sim_0764_diff.png,all,4
D:/GENE_simulation_AI/DCEC/all_rgb\all\sim_0765_diff.png,all,4
D:/GENE_simulation_AI/DCEC/all_rgb\all\sim_0766_diff.png,all,4
D:/GENE_simulation_AI/DCEC/all_rgb\all\sim_0767_diff.png,all,4
D:/GENE_simulation_AI/DCEC/all_rgb\all\sim_0768_diff.png,all,4
D:/GENE_simulation_AI/DCEC/all_rgb\all\sim_0769_diff.png,all,4
D:/GENE_simulation_AI/DCEC/all_rgb\all\sim_0770_diff.png,all,4
D:/GENE_simulation_AI/DCEC/all_rgb\all\sim_0771_diff.png,all,1
D:/GENE_simulation_AI/DCEC/all_rgb\all\sim_0772_diff.png,all,1
D:/GENE_simulation_AI/DCEC/all_rgb\all\sim_0773_diff.png,all,1
D:/GENE_simulation_AI/DCEC/all_rgb\all\sim_0774_diff.png,all,1
D:/GENE_simulation_AI/DCEC/all_rgb\all\sim_0775_diff.png,all,4
D:/GENE_simulation_AI/DCEC/all_rgb\all\sim_0776_diff.png,all,4
D:/GENE_simulation_AI/DCEC/all_rgb\all\sim_0777_diff.png,all,4
D:/GENE_simulation_AI/DCEC/all_rgb\all\sim_0778_diff.png,all,0
D:/GENE_simulation_AI/DCEC/all_rgb\all\sim_0779_diff.png,all,0
D:/GENE_simulation_AI/DCEC/all_rgb\all\sim_0780_diff.png,all,1
D:/GENE_simulation_AI/DCEC/all_rgb\all\sim_0781_diff.png,all,1
D:/GENE_simulation_AI/DCEC/all_rgb\all\sim_0782_diff.png,all,1
D:/GENE_simulation_AI/DCEC/all_rgb\all\sim_0783_diff.png,all,1
D:/GENE_simulation_AI/DCEC/all_rgb\all\sim_0784_diff.png,all,1
D:/GENE_simulation_AI/DCEC/all_rgb\all\sim_0785_diff.png,all,1
D:/GENE_simulation_AI/DCEC/all_rgb\all\sim_0786_diff.png,all,1
D:/GENE_simulation_AI/DCEC/all_rgb\all\sim_0787_diff.png,all,1
D:/GENE_simulation_AI/DCEC/all_rgb\all\sim_0788_diff.png,all,0
D:/GENE_simulation_AI/DCEC/all_rgb\all\sim_0789_diff.png,all,0
D:/GENE_simulation_AI/DCEC/all_rgb\all\sim_0790_diff.png,all,1
D:/GENE_simulation_AI/DCEC/all_rgb\all\sim_0791_diff.png,all,1
D:/GENE_simulation_AI/DCEC/all_rgb\all\sim_0792_diff.png,all,1
D:/GENE_simulation_AI/DCEC/all_rgb\all\sim_0793_diff.png,all,1
D:/GENE_simulation_AI/DCEC/all_rgb\all\sim_0794_diff.png,all,1
D:/GENE_simulation_AI/DCEC/all_rgb\all\sim_0795_diff.png,all,1
D:/GENE_simulation_AI/DCEC/all_rgb\all\sim_0796_diff.png,all,1
D:/GENE_simulation_AI/DCEC/all_rgb\all\sim_0797_diff.png,all,0
D:/GENE_simulation_AI/DCEC/all_rgb\all\sim_0798_diff.png,all,0
D:/GENE_simulation_AI/DCEC/all_rgb\all\sim_0799_diff.png,all,1
D:/GENE_simulation_AI/DCEC/all_rgb\all\sim_0800_diff.png,all,5
D:/GENE_simulation_AI/DCEC/all_rgb\all\sim_0801_diff.png,all,5
D:/GENE_simulation_AI/DCEC/all_rgb\all\sim_0802_diff.png,all,5
D:/GENE_simulation_AI/DCEC/all_rgb\all\sim_0803_diff.png,all,5
D:/GENE_simulation_AI/DCEC/all_rgb\all\sim_0804_diff.png,all,3
D:/GENE_simulation_AI/DCEC/all_rgb\all\sim_0805_diff.png,all,3
D:/GENE_simulation_AI/DCEC/all_rgb\all\sim_0806_diff.png,all,3
D:/GENE_simulation_AI/DCEC/all_rgb\all\sim_0807_diff.png,all,3
D:/GENE_simulation_AI/DCEC/all_rgb\all\sim_0808_diff.png,all,5
D:/GENE_simulation_AI/DCEC/all_rgb\all\sim_0809_diff.png,all,5
D:/GENE_simulation_AI/DCEC/all_rgb\all\sim_0810_diff.png,all,3
D:/GENE_simulation_AI/DCEC/all_rgb\all\sim_0811_diff.png,all,3
D:/GENE_simulation_AI/DCEC/all_rgb\all\sim_0812_diff.png,all,3
D:/GENE_simulation_AI/DCEC/all_rgb\all\sim_0813_diff.png,all,3
D:/GENE_simulation_AI/DCEC/all_rgb\all\sim_0814_diff.png,all,3
D:/GENE_simulation_AI/DCEC/all_rgb\all\sim_0815_diff.png,all,3
D:/GENE_simulation_AI/DCEC/all_rgb\all\sim_0816_diff.png,all,3
D:/GENE_simulation_AI/DCEC/all_rgb\all\sim_0817_diff.png,all,3
D:/GENE_simulation_AI/DCEC/all_rgb\all\sim_0818_diff.png,all,3
D:/GENE_simulation_AI/DCEC/all_rgb\all\sim_0819_diff.png,all,3
D:/GENE_simulation_AI/DCEC/all_rgb\all\sim_0820_diff.png,all,7
D:/GENE_simulation_AI/DCEC/all_rgb\all\sim_0821_diff.png,all,7
D:/GENE_simulation_AI/DCEC/all_rgb\all\sim_0822_diff.png,all,7
D:/GENE_simulation_AI/DCEC/all_rgb\all\sim_0823_diff.png,all,6
D:/GENE_simulation_AI/DCEC/all_rgb\all\sim_0824_diff.png,all,6
D:/GENE_simulation_AI/DCEC/all_rgb\all\sim_0825_diff.png,all,6
D:/GENE_simulation_AI/DCEC/all_rgb\all\sim_0826_diff.png,all,4
D:/GENE_simulation_AI/DCEC/all_rgb\all\sim_0827_diff.png,all,4
D:/GENE_simulation_AI/DCEC/all_rgb\all\sim_0828_diff.png,all,4
D:/GENE_simulation_AI/DCEC/all_rgb\all\sim_0829_diff.png,all,4
D:/GENE_simulation_AI/DCEC/all_rgb\all\sim_0830_diff.png,all,6
D:/GENE_simulation_AI/DCEC/all_rgb\all\sim_0831_diff.png,all,6
D:/GENE_simulation_AI/DCEC/all_rgb\all\sim_0832_diff.png,all,6
D:/GENE_simulation_AI/DCEC/all_rgb\all\sim_0833_diff.png,all,6
D:/GENE_simulation_AI/DCEC/all_rgb\all\sim_0834_diff.png,all,6
D:/GENE_simulation_AI/DCEC/all_rgb\all\sim_0835_diff.png,all,4
D:/GENE_simulation_AI/DCEC/all_rgb\all\sim_0836_diff.png,all,7
D:/GENE_simulation_AI/DCEC/all_rgb\all\sim_0837_diff.png,all,7
D:/GENE_simulation_AI/DCEC/all_rgb\all\sim_0838_diff.png,all,4
D:/GENE_simulation_AI/DCEC/all_rgb\all\sim_0839_diff.png,all,2
D:/GENE_simulation_AI/DCEC/all_rgb\all\sim_0840_diff.png,all,2
D:/GENE_simulation_AI/DCEC/all_rgb\all\sim_0841_diff.png,all,7
D:/GENE_simulation_AI/DCEC/all_rgb\all\sim_0842_diff.png,all,7
D:/GENE_simulation_AI/DCEC/all_rgb\all\sim_0843_diff.png,all,2
D:/GENE_simulation_AI/DCEC/all_rgb\all\sim_0844_diff.png,all,2
D:/GENE_simulation_AI/DCEC/all_rgb\all\sim_0845_diff.png,all,2
D:/GENE_simulation_AI/DCEC/all_rgb\all\sim_0846_diff.png,all,2
D:/GENE_simulation_AI/DCEC/all_rgb\all\sim_0847_diff.png,all,7
D:/GENE_simulation_AI/DCEC/all_rgb\all\sim_0848_diff.png,all,2
D:/GENE_simulation_AI/DCEC/all_rgb\all\sim_0849_diff.png,all,2
D:/GENE_simulation_AI/DCEC/all_rgb\all\sim_0850_diff.png,all,4
D:/GENE_simulation_AI/DCEC/all_rgb\all\sim_0851_diff.png,all,6
D:/GENE_simulation_AI/DCEC/all_rgb\all\sim_0852_diff.png,all,1
D:/GENE_simulation_AI/DCEC/all_rgb\all\sim_0853_diff.png,all,1
D:/GENE_simulation_AI/DCEC/all_rgb\all\sim_0854_diff.png,all,1
D:/GENE_simulation_AI/DCEC/all_rgb\all\sim_0855_diff.png,all,4
D:/GENE_simulation_AI/DCEC/all_rgb\all\sim_0856_diff.png,all,4
D:/GENE_simulation_AI/DCEC/all_rgb\all\sim_0857_diff.png,all,4
D:/GENE_simulation_AI/DCEC/all_rgb\all\sim_0858_diff.png,all,2
D:/GENE_simulation_AI/DCEC/all_rgb\all\sim_0859_diff.png,all,0
D:/GENE_simulation_AI/DCEC/all_rgb\all\sim_0860_diff.png,all,1
D:/GENE_simulation_AI/DCEC/all_rgb\all\sim_0861_diff.png,all,1
D:/GENE_simulation_AI/DCEC/all_rgb\all\sim_0862_diff.png,all,1
D:/GENE_simulation_AI/DCEC/all_rgb\all\sim_0863_diff.png,all,1
D:/GENE_simulation_AI/DCEC/all_rgb\all\sim_0864_diff.png,all,1
D:/GENE_simulation_AI/DCEC/all_rgb\all\sim_0865_diff.png,all,1
D:/GENE_simulation_AI/DCEC/all_rgb\all\sim_0866_diff.png,all,1
D:/GENE_simulation_AI/DCEC/all_rgb\all\sim_0867_diff.png,all,1
D:/GENE_simulation_AI/DCEC/all_rgb\all\sim_0868_diff.png,all,0
D:/GENE_simulation_AI/DCEC/all_rgb\all\sim_0869_diff.png,all,0
D:/GENE_simulation_AI/DCEC/all_rgb\all\sim_0870_diff.png,all,1
D:/GENE_simulation_AI/DCEC/all_rgb\all\sim_0871_diff.png,all,1
D:/GENE_simulation_AI/DCEC/all_rgb\all\sim_0872_diff.png,all,1
D:/GENE_simulation_AI/DCEC/all_rgb\all\sim_0873_diff.png,all,1
D:/GENE_simulation_AI/DCEC/all_rgb\all\sim_0874_diff.png,all,1
D:/GENE_simulation_AI/DCEC/all_rgb\all\sim_0875_diff.png,all,1
D:/GENE_simulation_AI/DCEC/all_rgb\all\sim_0876_diff.png,all,0
D:/GENE_simulation_AI/DCEC/all_rgb\all\sim_0877_diff.png,all,0
D:/GENE_simulation_AI/DCEC/all_rgb\all\sim_0878_diff.png,all,0
D:/GENE_simulation_AI/DCEC/all_rgb\all\sim_0879_diff.png,all,0
D:/GENE_simulation_AI/DCEC/all_rgb\all\sim_0880_diff.png,all,5
D:/GENE_simulation_AI/DCEC/all_rgb\all\sim_0881_diff.png,all,5
D:/GENE_simulation_AI/DCEC/all_rgb\all\sim_0882_diff.png,all,3
D:/GENE_simulation_AI/DCEC/all_rgb\all\sim_0883_diff.png,all,3
D:/GENE_simulation_AI/DCEC/all_rgb\all\sim_0884_diff.png,all,3
D:/GENE_simulation_AI/DCEC/all_rgb\all\sim_0885_diff.png,all,3
D:/GENE_simulation_AI/DCEC/all_rgb\all\sim_0886_diff.png,all,3
D:/GENE_simulation_AI/DCEC/all_rgb\all\sim_0887_diff.png,all,3
D:/GENE_simulation_AI/DCEC/all_rgb\all\sim_0888_diff.png,all,3
D:/GENE_simulation_AI/DCEC/all_rgb\all\sim_0889_diff.png,all,5
D:/GENE_simulation_AI/DCEC/all_rgb\all\sim_0890_diff.png,all,3
D:/GENE_simulation_AI/DCEC/all_rgb\all\sim_0891_diff.png,all,3
D:/GENE_simulation_AI/DCEC/all_rgb\all\sim_0892_diff.png,all,3
D:/GENE_simulation_AI/DCEC/all_rgb\all\sim_0893_diff.png,all,3
D:/GENE_simulation_AI/DCEC/all_rgb\all\sim_0894_diff.png,all,3
D:/GENE_simulation_AI/DCEC/all_rgb\all\sim_0895_diff.png,all,3
D:/GENE_simulation_AI/DCEC/all_rgb\all\sim_0896_diff.png,all,3
D:/GENE_simulation_AI/DCEC/all_rgb\all\sim_0897_diff.png,all,3
D:/GENE_simulation_AI/DCEC/all_rgb\all\sim_0898_diff.png,all,3
D:/GENE_simulation_AI/DCEC/all_rgb\all\sim_0899_diff.png,all,3
D:/GENE_simulation_AI/DCEC/all_rgb\all\sim_0900_diff.png,all,6
D:/GENE_simulation_AI/DCEC/all_rgb\all\sim_0901_diff.png,all,6
D:/GENE_simulation_AI/DCEC/all_rgb\all\sim_0902_diff.png,all,6
D:/GENE_simulation_AI/DCEC/all_rgb\all\sim_0903_diff.png,all,6
D:/GENE_simulation_AI/DCEC/all_rgb\all\sim_0904_diff.png,all,6
D:/GENE_simulation_AI/DCEC/all_rgb\all\sim_0905_diff.png,all,6
D:/GENE_simulation_AI/DCEC/all_rgb\all\sim_0906_diff.png,all,6
D:/GENE_simulation_AI/DCEC/all_rgb\all\sim_0907_diff.png,all,3
D:/GENE_simulation_AI/DCEC/all_rgb\all\sim_0908_diff.png,all,4
D:/GENE_simulation_AI/DCEC/all_rgb\all\sim_0909_diff.png,all,4
D:/GENE_simulation_AI/DCEC/all_rgb\all\sim_0910_diff.png,all,7
D:/GENE_simulation_AI/DCEC/all_rgb\all\sim_0911_diff.png,all,7
D:/GENE_simulation_AI/DCEC/all_rgb\all\sim_0912_diff.png,all,7
D:/GENE_simulation_AI/DCEC/all_rgb\all\sim_0913_diff.png,all,2
D:/GENE_simulation_AI/DCEC/all_rgb\all\sim_0914_diff.png,all,4
D:/GENE_simulation_AI/DCEC/all_rgb\all\sim_0915_diff.png,all,4
D:/GENE_simulation_AI/DCEC/all_rgb\all\sim_0916_diff.png,all,2
D:/GENE_simulation_AI/DCEC/all_rgb\all\sim_0917_diff.png,all,4
D:/GENE_simulation_AI/DCEC/all_rgb\all\sim_0918_diff.png,all,4
D:/GENE_simulation_AI/DCEC/all_rgb\all\sim_0919_diff.png,all,2
D:/GENE_simulation_AI/DCEC/all_rgb\all\sim_0920_diff.png,all,2
D:/GENE_simulation_AI/DCEC/all_rgb\all\sim_0921_diff.png,all,6
D:/GENE_simulation_AI/DCEC/all_rgb\all\sim_0922_diff.png,all,7
D:/GENE_simulation_AI/DCEC/all_rgb\all\sim_0923_diff.png,all,6
D:/GENE_simulation_AI/DCEC/all_rgb\all\sim_0924_diff.png,all,4
D:/GENE_simulation_AI/DCEC/all_rgb\all\sim_0925_diff.png,all,4
D:/GENE_simulation_AI/DCEC/all_rgb\all\sim_0926_diff.png,all,2
D:/GENE_simulation_AI/DCEC/all_rgb\all\sim_0927_diff.png,all,4
D:/GENE_simulation_AI/DCEC/all_rgb\all\sim_0928_diff.png,all,4
D:/GENE_simulation_AI/DCEC/all_rgb\all\sim_0929_diff.png,all,4
D:/GENE_simulation_AI/DCEC/all_rgb\all\sim_0930_diff.png,all,4
D:/GENE_simulation_AI/DCEC/all_rgb\all\sim_0931_diff.png,all,1
D:/GENE_simulation_AI/DCEC/all_rgb\all\sim_0932_diff.png,all,1
D:/GENE_simulation_AI/DCEC/all_rgb\all\sim_0933_diff.png,all,1
D:/GENE_simulation_AI/DCEC/all_rgb\all\sim_0934_diff.png,all,4
D:/GENE_simulation_AI/DCEC/all_rgb\all\sim_0935_diff.png,all,4
D:/GENE_simulation_AI/DCEC/all_rgb\all\sim_0936_diff.png,all,4
D:/GENE_simulation_AI/DCEC/all_rgb\all\sim_0937_diff.png,all,2
D:/GENE_simulation_AI/DCEC/all_rgb\all\sim_0938_diff.png,all,0
D:/GENE_simulation_AI/DCEC/all_rgb\all\sim_0939_diff.png,all,0
D:/GENE_simulation_AI/DCEC/all_rgb\all\sim_0940_diff.png,all,1
D:/GENE_simulation_AI/DCEC/all_rgb\all\sim_0941_diff.png,all,1
D:/GENE_simulation_AI/DCEC/all_rgb\all\sim_0942_diff.png,all,1
D:/GENE_simulation_AI/DCEC/all_rgb\all\sim_0943_diff.png,all,1
D:/GENE_simulation_AI/DCEC/all_rgb\all\sim_0944_diff.png,all,1
D:/GENE_simulation_AI/DCEC/all_rgb\all\sim_0945_diff.png,all,1
D:/GENE_simulation_AI/DCEC/all_rgb\all\sim_0946_diff.png,all,1
D:/GENE_simulation_AI/DCEC/all_rgb\all\sim_0947_diff.png,all,1
D:/GENE_simulation_AI/DCEC/all_rgb\all\sim_0948_diff.png,all,0
D:/GENE_simulation_AI/DCEC/all_rgb\all\sim_0949_diff.png,all,0
D:/GENE_simulation_AI/DCEC/all_rgb\all\sim_0950_diff.png,all,1
D:/GENE_simulation_AI/DCEC/all_rgb\all\sim_0951_diff.png,all,1
D:/GENE_simulation_AI/DCEC/all_rgb\all\sim_0952_diff.png,all,1
D:/GENE_simulation_AI/DCEC/all_rgb\all\sim_0953_diff.png,all,1
D:/GENE_simulation_AI/DCEC/all_rgb\all\sim_0954_diff.png,all,1
D:/GENE_simulation_AI/DCEC/all_rgb\all\sim_0955_diff.png,all,1
D:/GENE_simulation_AI/DCEC/all_rgb\all\sim_0956_diff.png,all,0
D:/GENE_simulation_AI/DCEC/all_rgb\all\sim_0957_diff.png,all,0
D:/GENE_simulation_AI/DCEC/all_rgb\all\sim_0958_diff.png,all,0
D:/GENE_simulation_AI/DCEC/all_rgb\all\sim_0959_diff.png,all,1
D:/GENE_simulation_AI/DCEC/all_rgb\all\sim_0960_diff.png,all,5
D:/GENE_simulation_AI/DCEC/all_rgb\all\sim_0961_diff.png,all,5
D:/GENE_simulation_AI/DCEC/all_rgb\all\sim_0962_diff.png,all,5
D:/GENE_simulation_AI/DCEC/all_rgb\all\sim_0963_diff.png,all,3
D:/GENE_simulation_AI/DCEC/all_rgb\all\sim_0964_diff.png,all,3
D:/GENE_simulation_AI/DCEC/all_rgb\all\sim_0965_diff.png,all,3
D:/GENE_simulation_AI/DCEC/all_rgb\all\sim_0966_diff.png,all,3
D:/GENE_simulation_AI/DCEC/all_rgb\all\sim_0967_diff.png,all,3
D:/GENE_simulation_AI/DCEC/all_rgb\all\sim_0968_diff.png,all,3
D:/GENE_simulation_AI/DCEC/all_rgb\all\sim_0969_diff.png,all,5
D:/GENE_simulation_AI/DCEC/all_rgb\all\sim_0970_diff.png,all,3
D:/GENE_simulation_AI/DCEC/all_rgb\all\sim_0971_diff.png,all,3
D:/GENE_simulation_AI/DCEC/all_rgb\all\sim_0972_diff.png,all,3
D:/GENE_simulation_AI/DCEC/all_rgb\all\sim_0973_diff.png,all,3
D:/GENE_simulation_AI/DCEC/all_rgb\all\sim_0974_diff.png,all,3
D:/GENE_simulation_AI/DCEC/all_rgb\all\sim_0975_diff.png,all,3
D:/GENE_simulation_AI/DCEC/all_rgb\all\sim_0976_diff.png,all,3
D:/GENE_simulation_AI/DCEC/all_rgb\all\sim_0977_diff.png,all,3
D:/GENE_simulation_AI/DCEC/all_rgb\all\sim_0978_diff.png,all,3
D:/GENE_simulation_AI/DCEC/all_rgb\all\sim_0979_diff.png,all,3
D:/GENE_simulation_AI/DCEC/all_rgb\all\sim_0980_diff.png,all,7
D:/GENE_simulation_AI/DCEC/all_rgb\all\sim_0981_diff.png,all,7
D:/GENE_simulation_AI/DCEC/all_rgb\all\sim_0982_diff.png,all,7
D:/GENE_simulation_AI/DCEC/all_rgb\all\sim_0983_diff.png,all,7
D:/GENE_simulation_AI/DCEC/all_rgb\all\sim_0984_diff.png,all,3
D:/GENE_simulation_AI/DCEC/all_rgb\all\sim_0985_diff.png,all,4
D:/GENE_simulation_AI/DCEC/all_rgb\all\sim_0986_diff.png,all,3
D:/GENE_simulation_AI/DCEC/all_rgb\all\sim_0987_diff.png,all,4
D:/GENE_simulation_AI/DCEC/all_rgb\all\sim_0988_diff.png,all,4
D:/GENE_simulation_AI/DCEC/all_rgb\all\sim_0989_diff.png,all,4
D:/GENE_simulation_AI/DCEC/all_rgb\all\sim_0990_diff.png,all,7
D:/GENE_simulation_AI/DCEC/all_rgb\all\sim_0991_diff.png,all,2
D:/GENE_simulation_AI/DCEC/all_rgb\all\sim_0992_diff.png,all,2
D:/GENE_simulation_AI/DCEC/all_rgb\all\sim_0993_diff.png,all,2
D:/GENE_simulation_AI/DCEC/all_rgb\all\sim_0994_diff.png,all,2
D:/GENE_simulation_AI/DCEC/all_rgb\all\sim_0995_diff.png,all,2
D:/GENE_simulation_AI/DCEC/all_rgb\all\sim_0996_diff.png,all,4
D:/GENE_simulation_AI/DCEC/all_rgb\all\sim_0997_diff.png,all,4
D:/GENE_simulation_AI/DCEC/all_rgb\all\sim_0998_diff.png,all,2
D:/GENE_simulation_AI/DCEC/all_rgb\all\sim_0999_diff.png,all,4
D:/GENE_simulation_AI/DCEC/all_rgb\all\sim_1000_diff.png,all,2
D:/GENE_simulation_AI/DCEC/all_rgb\all\sim_1001_diff.png,all,6
D:/GENE_simulation_AI/DCEC/all_rgb\all\sim_1002_diff.png,all,6
D:/GENE_simulation_AI/DCEC/all_rgb\all\sim_1003_diff.png,all,6
D:/GENE_simulation_AI/DCEC/all_rgb\all\sim_1004_diff.png,all,2
D:/GENE_simulation_AI/DCEC/all_rgb\all\sim_1005_diff.png,all,4
D:/GENE_simulation_AI/DCEC/all_rgb\all\sim_1006_diff.png,all,4
D:/GENE_simulation_AI/DCEC/all_rgb\all\sim_1007_diff.png,all,4
D:/GENE_simulation_AI/DCEC/all_rgb\all\sim_1008_diff.png,all,2
D:/GENE_simulation_AI/DCEC/all_rgb\all\sim_1009_diff.png,all,4
D:/GENE_simulation_AI/DCEC/all_rgb\all\sim_1010_diff.png,all,4
D:/GENE_simulation_AI/DCEC/all_rgb\all\sim_1011_diff.png,all,1
D:/GENE_simulation_AI/DCEC/all_rgb\all\sim_1012_diff.png,all,1
D:/GENE_simulation_AI/DCEC/all_rgb\all\sim_1013_diff.png,all,1
D:/GENE_simulation_AI/DCEC/all_rgb\all\sim_1014_diff.png,all,1
D:/GENE_simulation_AI/DCEC/all_rgb\all\sim_1015_diff.png,all,4
D:/GENE_simulation_AI/DCEC/all_rgb\all\sim_1016_diff.png,all,4
D:/GENE_simulation_AI/DCEC/all_rgb\all\sim_1017_diff.png,all,4
D:/GENE_simulation_AI/DCEC/all_rgb\all\sim_1018_diff.png,all,2
D:/GENE_simulation_AI/DCEC/all_rgb\all\sim_1019_diff.png,all,0
D:/GENE_simulation_AI/DCEC/all_rgb\all\sim_1020_diff.png,all,1
D:/GENE_simulation_AI/DCEC/all_rgb\all\sim_1021_diff.png,all,1
D:/GENE_simulation_AI/DCEC/all_rgb\all\sim_1022_diff.png,all,1
D:/GENE_simulation_AI/DCEC/all_rgb\all\sim_1023_diff.png,all,1
D:/GENE_simulation_AI/DCEC/all_rgb\all\sim_1024_diff.png,all,1
D:/GENE_simulation_AI/DCEC/all_rgb\all\sim_1025_diff.png,all,1
D:/GENE_simulation_AI/DCEC/all_rgb\all\sim_1026_diff.png,all,1
D:/GENE_simulation_AI/DCEC/all_rgb\all\sim_1027_diff.png,all,1
D:/GENE_simulation_AI/DCEC/all_rgb\all\sim_1028_diff.png,all,0
D:/GENE_simulation_AI/DCEC/all_rgb\all\sim_1029_diff.png,all,0
D:/GENE_simulation_AI/DCEC/all_rgb\all\sim_1030_diff.png,all,1
D:/GENE_simulation_AI/DCEC/all_rgb\all\sim_1031_diff.png,all,1
D:/GENE_simulation_AI/DCEC/all_rgb\all\sim_1032_diff.png,all,1
D:/GENE_simulation_AI/DCEC/all_rgb\all\sim_1033_diff.png,all,1
D:/GENE_simulation_AI/DCEC/all_rgb\all\sim_1034_diff.png,all,1
D:/GENE_simulation_AI/DCEC/all_rgb\all\sim_1035_diff.png,all,1
D:/GENE_simulation_AI/DCEC/all_rgb\all\sim_1036_diff.png,all,0
D:/GENE_simulation_AI/DCEC/all_rgb\all\sim_1037_diff.png,all,0
D:/GENE_simulation_AI/DCEC/all_rgb\all\sim_1038_diff.png,all,0
D:/GENE_simulation_AI/DCEC/all_rgb\all\sim_1039_diff.png,all,0
D:/GENE_simulation_AI/DCEC/all_rgb\all\sim_1040_diff.png,all,5
D:/GENE_simulation_AI/DCEC/all_rgb\all\sim_1041_diff.png,all,3
D:/GENE_simulation_AI/DCEC/all_rgb\all\sim_1042_diff.png,all,3
D:/GENE_simulation_AI/DCEC/all_rgb\all\sim_1043_diff.png,all,3
D:/GENE_simulation_AI/DCEC/all_rgb\all\sim_1044_diff.png,all,3
D:/GENE_simulation_AI/DCEC/all_rgb\all\sim_1045_diff.png,all,3
D:/GENE_simulation_AI/DCEC/all_rgb\all\sim_1046_diff.png,all,3
D:/GENE_simulation_AI/DCEC/all_rgb\all\sim_1047_diff.png,all,3
D:/GENE_simulation_AI/DCEC/all_rgb\all\sim_1048_diff.png,all,3
D:/GENE_simulation_AI/DCEC/all_rgb\all\sim_1049_diff.png,all,5
D:/GENE_simulation_AI/DCEC/all_rgb\all\sim_1050_diff.png,all,3
D:/GENE_simulation_AI/DCEC/all_rgb\all\sim_1051_diff.png,all,3
D:/GENE_simulation_AI/DCEC/all_rgb\all\sim_1052_diff.png,all,3
D:/GENE_simulation_AI/DCEC/all_rgb\all\sim_1053_diff.png,all,3
D:/GENE_simulation_AI/DCEC/all_rgb\all\sim_1054_diff.png,all,3
D:/GENE_simulation_AI/DCEC/all_rgb\all\sim_1055_diff.png,all,3
D:/GENE_simulation_AI/DCEC/all_rgb\all\sim_1056_diff.png,all,3
D:/GENE_simulation_AI/DCEC/all_rgb\all\sim_1057_diff.png,all,3
D:/GENE_simulation_AI/DCEC/all_rgb\all\sim_1058_diff.png,all,3
D:/GENE_simulation_AI/DCEC/all_rgb\all\sim_1059_diff.png,all,3
D:/GENE_simulation_AI/DCEC/all_rgb\all\sim_1060_diff.png,all,7
D:/GENE_simulation_AI/DCEC/all_rgb\all\sim_1061_diff.png,all,3
D:/GENE_simulation_AI/DCEC/all_rgb\all\sim_1062_diff.png,all,3
D:/GENE_simulation_AI/DCEC/all_rgb\all\sim_1063_diff.png,all,3
D:/GENE_simulation_AI/DCEC/all_rgb\all\sim_1064_diff.png,all,3
D:/GENE_simulation_AI/DCEC/all_rgb\all\sim_1065_diff.png,all,3
D:/GENE_simulation_AI/DCEC/all_rgb\all\sim_1066_diff.png,all,3
D:/GENE_simulation_AI/DCEC/all_rgb\all\sim_1067_diff.png,all,3
D:/GENE_simulation_AI/DCEC/all_rgb\all\sim_1068_diff.png,all,3
D:/GENE_simulation_AI/DCEC/all_rgb\all\sim_1069_diff.png,all,3
D:/GENE_simulation_AI/DCEC/all_rgb\all\sim_1070_diff.png,all,2
D:/GENE_simulation_AI/DCEC/all_rgb\all\sim_1071_diff.png,all,4
D:/GENE_simulation_AI/DCEC/all_rgb\all\sim_1072_diff.png,all,4
D:/GENE_simulation_AI/DCEC/all_rgb\all\sim_1073_diff.png,all,4
D:/GENE_simulation_AI/DCEC/all_rgb\all\sim_1074_diff.png,all,4
D:/GENE_simulation_AI/DCEC/all_rgb\all\sim_1075_diff.png,all,4
D:/GENE_simulation_AI/DCEC/all_rgb\all\sim_1076_diff.png,all,4
D:/GENE_simulation_AI/DCEC/all_rgb\all\sim_1077_diff.png,all,4
D:/GENE_simulation_AI/DCEC/all_rgb\all\sim_1078_diff.png,all,4
D:/GENE_simulation_AI/DCEC/all_rgb\all\sim_1079_diff.png,all,4
D:/GENE_simulation_AI/DCEC/all_rgb\all\sim_1080_diff.png,all,6
D:/GENE_simulation_AI/DCEC/all_rgb\all\sim_1081_diff.png,all,6
D:/GENE_simulation_AI/DCEC/all_rgb\all\sim_1082_diff.png,all,6
D:/GENE_simulation_AI/DCEC/all_rgb\all\sim_1083_diff.png,all,6
D:/GENE_simulation_AI/DCEC/all_rgb\all\sim_1084_diff.png,all,6
D:/GENE_simulation_AI/DCEC/all_rgb\all\sim_1085_diff.png,all,2
D:/GENE_simulation_AI/DCEC/all_rgb\all\sim_1086_diff.png,all,2
D:/GENE_simulation_AI/DCEC/all_rgb\all\sim_1087_diff.png,all,2
D:/GENE_simulation_AI/DCEC/all_rgb\all\sim_1088_diff.png,all,2
D:/GENE_simulation_AI/DCEC/all_rgb\all\sim_1089_diff.png,all,2
D:/GENE_simulation_AI/DCEC/all_rgb\all\sim_1090_diff.png,all,4
D:/GENE_simulation_AI/DCEC/all_rgb\all\sim_1091_diff.png,all,6
D:/GENE_simulation_AI/DCEC/all_rgb\all\sim_1092_diff.png,all,1
D:/GENE_simulation_AI/DCEC/all_rgb\all\sim_1093_diff.png,all,1
D:/GENE_simulation_AI/DCEC/all_rgb\all\sim_1094_diff.png,all,1
D:/GENE_simulation_AI/DCEC/all_rgb\all\sim_1095_diff.png,all,4
D:/GENE_simulation_AI/DCEC/all_rgb\all\sim_1096_diff.png,all,4
D:/GENE_simulation_AI/DCEC/all_rgb\all\sim_1097_diff.png,all,2
D:/GENE_simulation_AI/DCEC/all_rgb\all\sim_1098_diff.png,all,0
D:/GENE_simulation_AI/DCEC/all_rgb\all\sim_1099_diff.png,all,0
D:/GENE_simulation_AI/DCEC/all_rgb\all\sim_1100_diff.png,all,1
D:/GENE_simulation_AI/DCEC/all_rgb\all\sim_1101_diff.png,all,1
D:/GENE_simulation_AI/DCEC/all_rgb\all\sim_1102_diff.png,all,1
D:/GENE_simulation_AI/DCEC/all_rgb\all\sim_1103_diff.png,all,1
D:/GENE_simulation_AI/DCEC/all_rgb\all\sim_1104_diff.png,all,1
D:/GENE_simulation_AI/DCEC/all_rgb\all\sim_1105_diff.png,all,1
D:/GENE_simulation_AI/DCEC/all_rgb\all\sim_1106_diff.png,all,1
D:/GENE_simulation_AI/DCEC/all_rgb\all\sim_1107_diff.png,all,1
D:/GENE_simulation_AI/DCEC/all_rgb\all\sim_1108_diff.png,all,0
D:/GENE_simulation_AI/DCEC/all_rgb\all\sim_1109_diff.png,all,0
D:/GENE_simulation_AI/DCEC/all_rgb\all\sim_1110_diff.png,all,1
D:/GENE_simulation_AI/DCEC/all_rgb\all\sim_1111_diff.png,all,1
D:/GENE_simulation_AI/DCEC/all_rgb\all\sim_1112_diff.png,all,1
D:/GENE_simulation_AI/DCEC/all_rgb\all\sim_1113_diff.png,all,1
D:/GENE_simulation_AI/DCEC/all_rgb\all\sim_1114_diff.png,all,1
D:/GENE_simulation_AI/DCEC/all_rgb\all\sim_1115_diff.png,all,1
D:/GENE_simulation_AI/DCEC/all_rgb\all\sim_1116_diff.png,all,0
D:/GENE_simulation_AI/DCEC/all_rgb\all\sim_1117_diff.png,all,0
D:/GENE_simulation_AI/DCEC/all_rgb\all\sim_1118_diff.png,all,0
D:/GENE_simulation_AI/DCEC/all_rgb\all\sim_1119_diff.png,all,1
